,index,rating,rating_five_count,rating_four_count,rating_three_count,rating_two_count,rating_one_count
0,0,3.76,26.0,8.0,10.0,1.0,9.0
1,1,3.45,2269.0,1027.0,1118.0,644.0,1077.0
2,2,3.57,5.0,4.0,2.0,0.0,3.0
3,3,4.03,295.0,119.0,87.0,42.0,36.0
4,4,3.1,6.0,4.0,2.0,2.0,6.0
5,5,5.0,1.0,0.0,0.0,0.0,0.0
6,6,3.84,3172.0,1352.0,971.0,490.0,757.0
7,7,3.76,120.0,56.0,61.0,18.0,31.0
8,8,3.47,6.0,2.0,3.0,1.0,3.0
9,9,3.6,287.0,128.0,92.0,68.0,112.0
10,10,3.46,245.0,101.0,81.0,61.0,125.0
11,11,3.31,3.0,4.0,3.0,0.0,3.0
12,12,3.45,49.0,29.0,24.0,14.0,25.0
13,13,3.32,36.0,24.0,23.0,19.0,19.0
14,14,3.65,984.0,481.0,459.0,206.0,327.0
15,15,3.92,204.0,94.0,62.0,21.0,45.0
16,16,3.72,840.0,435.0,386.0,158.0,239.0
17,17,3.83,8290.0,3483.0,2951.0,1410.0,1846.0
18,18,3.82,2456.0,1162.0,853.0,431.0,577.0
19,19,3.67,87.0,36.0,49.0,17.0,25.0
20,20,3.84,506.0,274.0,216.0,81.0,106.0
21,21,3.6,1437.0,632.0,610.0,358.0,515.0
22,22,3.38,27.0,11.0,11.0,8.0,15.0
23,23,3.67,213.0,98.0,85.0,45.0,69.0
24,24,3.75,290.0,145.0,104.0,61.0,78.0
25,25,4.15,323.0,116.0,58.0,28.0,42.0
26,26,4.03,105.0,48.0,39.0,12.0,12.0
27,27,4.29,1781.0,628.0,374.0,104.0,109.0
28,28,4.25,7.0,3.0,1.0,0.0,1.0
29,29,4.06,156.0,70.0,34.0,18.0,23.0
30,30,4.06,17.0,4.0,6.0,3.0,1.0
31,31,4.37,137.0,42.0,24.0,9.0,5.0
32,32,3.81,215.0,76.0,65.0,29.0,58.0
33,33,3.44,418.0,187.0,201.0,133.0,197.0
34,34,3.8,555.0,240.0,211.0,87.0,138.0
35,35,4.16,162.0,47.0,34.0,10.0,21.0
36,36,2.75,2.0,0.0,3.0,0.0,3.0
37,37,4.06,365.0,109.0,73.0,33.0,63.0
38,38,3.83,3.0,1.0,1.0,0.0,1.0
39,39,4.16,82.0,27.0,10.0,7.0,12.0
40,40,4.26,3111.0,1172.0,650.0,204.0,222.0
41,41,1.5,0.0,0.0,0.0,1.0,1.0
42,42,3.79,11.0,6.0,2.0,1.0,4.0
43,43,3.53,22.0,11.0,12.0,4.0,10.0
44,44,3.82,1467.0,607.0,558.0,241.0,335.0
45,45,3.28,11.0,4.0,11.0,4.0,6.0
46,46,3.0,0.0,2.0,0.0,0.0,1.0
47,47,4.03,451.0,165.0,120.0,51.0,68.0
48,48,3.18,535.0,289.0,344.0,189.0,426.0
49,49,3.8,28.0,11.0,12.0,2.0,8.0
50,50,3.43,5.0,3.0,2.0,1.0,3.0
51,51,4.19,171.0,71.0,35.0,12.0,18.0
52,52,3.8,3.0,0.0,1.0,0.0,1.0
53,53,3.38,15.0,3.0,9.0,1.0,9.0
54,54,4.03,464.0,178.0,126.0,52.0,69.0
55,55,3.5,349.0,171.0,173.0,88.0,157.0
56,56,3.56,22.0,8.0,9.0,3.0,10.0
57,57,4.06,400.0,142.0,103.0,45.0,53.0
58,58,4.0,5.0,0.0,1.0,2.0,0.0
59,59,4.13,120.0,37.0,31.0,8.0,15.0
60,60,4.0,3.0,0.0,0.0,0.0,1.0
61,61,5.0,2.0,0.0,0.0,0.0,0.0
62,62,3.1,6.0,4.0,2.0,2.0,6.0
63,63,3.91,100.0,41.0,34.0,17.0,17.0
64,64,3.72,447.0,201.0,135.0,81.0,144.0
65,65,2.71,1.0,1.0,2.0,1.0,2.0
66,66,3.81,84.0,40.0,28.0,14.0,21.0
67,67,3.47,11.0,6.0,5.0,7.0,3.0
68,68,3.93,823.0,340.0,250.0,89.0,168.0
69,69,3.41,73.0,49.0,23.0,25.0,42.0
70,70,3.74,24.0,5.0,6.0,6.0,6.0
71,71,3.93,659.0,255.0,199.0,101.0,117.0
72,72,3.82,1220.0,433.0,365.0,203.0,299.0
73,73,3.46,20.0,7.0,8.0,6.0,9.0
74,74,5.0,,,,,
75,75,4.5,2.0,2.0,0.0,0.0,0.0
76,76,4.26,30.0,14.0,5.0,1.0,3.0
77,77,4.24,644.0,183.0,114.0,38.0,66.0
78,78,3.56,6.0,5.0,0.0,2.0,3.0
79,79,4.22,1162.0,488.0,212.0,83.0,110.0
80,80,3.42,144.0,57.0,60.0,35.0,77.0
81,81,4.0,1.0,2.0,1.0,0.0,0.0
82,82,3.64,867.0,298.0,299.0,151.0,318.0
83,83,3.08,4.0,2.0,2.0,1.0,4.0
84,84,4.41,11548.0,3191.0,1632.0,507.0,566.0
85,85,3.7,593.0,278.0,232.0,124.0,177.0
86,86,3.81,163.0,63.0,48.0,21.0,46.0
87,87,4.0,2054.0,774.0,576.0,242.0,329.0
88,88,3.94,189.0,76.0,67.0,21.0,34.0
89,89,4.07,1635.0,642.0,392.0,177.0,224.0
90,90,4.29,19.0,5.0,5.0,1.0,1.0
91,91,3.46,20.0,7.0,8.0,6.0,9.0
92,92,4.1,11184.0,4152.0,2919.0,1174.0,1315.0
93,93,3.7,1726.0,654.0,568.0,324.0,548.0
94,94,3.77,15.0,3.0,5.0,4.0,3.0
95,95,3.57,17.0,9.0,4.0,5.0,7.0
96,96,4.54,10.0,2.0,0.0,0.0,1.0
97,97,3.64,95.0,33.0,32.0,16.0,36.0
98,98,3.32,36.0,24.0,23.0,19.0,19.0
99,99,4.11,17.0,4.0,3.0,1.0,3.0
100,100,3.18,17.0,19.0,12.0,8.0,16.0
101,101,3.96,685.0,257.0,187.0,72.0,137.0
102,102,2.8,2.0,3.0,5.0,0.0,5.0
103,103,3.89,558.0,242.0,159.0,75.0,127.0
104,104,3.97,18.0,1.0,5.0,1.0,4.0
105,105,3.61,254.0,155.0,102.0,61.0,96.0
106,106,3.82,62.0,26.0,23.0,6.0,17.0
107,107,3.96,743.0,338.0,258.0,110.0,107.0
108,108,4.2,66.0,13.0,18.0,3.0,7.0
109,109,3.77,725.0,376.0,272.0,112.0,209.0
110,110,2.61,3.0,2.0,5.0,1.0,7.0
111,111,3.93,1427.0,614.0,452.0,180.0,273.0
112,112,5.0,,,,,
113,113,4.3,6.0,2.0,1.0,1.0,0.0
114,114,4.12,143.0,48.0,24.0,12.0,22.0
115,115,3.67,2.0,0.0,0.0,0.0,1.0
116,116,4.5,1.0,1.0,0.0,0.0,0.0
117,117,4.0,7.0,1.0,2.0,1.0,1.0
118,118,4.16,1782.0,565.0,332.0,123.0,238.0
119,119,3.71,10.0,5.0,0.0,2.0,4.0
120,120,4.75,3.0,1.0,0.0,0.0,0.0
121,121,5.0,2.0,0.0,0.0,0.0,0.0
122,122,3.0,0.0,1.0,0.0,1.0,0.0
123,123,4.11,75.0,24.0,19.0,10.0,7.0
124,124,3.59,7.0,9.0,7.0,1.0,3.0
125,125,3.61,59.0,16.0,20.0,7.0,25.0
126,126,5.0,,,,,
127,127,3.99,809.0,322.0,238.0,100.0,131.0
128,128,4.03,17.0,6.0,2.0,1.0,4.0
129,129,5.0,1.0,0.0,0.0,0.0,0.0
130,130,3.73,71.0,23.0,23.0,11.0,22.0
131,131,3.99,520.0,180.0,120.0,67.0,93.0
132,132,4.38,654.0,178.0,94.0,32.0,38.0
133,133,3.08,3.0,3.0,3.0,0.0,4.0
134,134,4.11,450.0,150.0,88.0,35.0,69.0
135,135,3.6,500.0,241.0,207.0,126.0,180.0
136,136,3.78,120.0,73.0,55.0,22.0,29.0
137,137,4.05,4640.0,1964.0,1121.0,493.0,686.0
138,138,3.53,15.0,9.0,2.0,5.0,7.0
139,139,4.6,3.0,2.0,0.0,0.0,0.0
140,140,3.72,447.0,201.0,135.0,81.0,144.0
141,141,4.16,3906.0,1326.0,869.0,343.0,416.0
142,142,4.04,267.0,86.0,60.0,18.0,50.0
143,143,3.6,10.0,4.0,5.0,3.0,3.0
144,144,3.89,1099.0,449.0,362.0,154.0,230.0
145,145,3.49,16.0,11.0,10.0,5.0,7.0
146,146,3.07,11.0,3.0,1.0,3.0,10.0
147,147,3.11,6.0,6.0,5.0,5.0,5.0
148,148,4.07,148.0,44.0,40.0,15.0,20.0
149,149,3.96,4468.0,1850.0,1277.0,583.0,782.0
150,150,4.0,19.0,5.0,1.0,3.0,4.0
151,151,3.97,180.0,74.0,49.0,28.0,28.0
152,152,3.19,327.0,170.0,211.0,128.0,244.0
153,153,3.67,6.0,2.0,1.0,0.0,3.0
154,154,2.5,0.0,1.0,0.0,0.0,1.0
155,155,3.82,5.0,3.0,1.0,0.0,2.0
156,156,2.92,2.0,1.0,6.0,0.0,3.0
157,157,3.75,101.0,36.0,38.0,15.0,29.0
158,158,4.16,1695.0,721.0,416.0,140.0,163.0
159,159,4.29,476.0,128.0,90.0,34.0,33.0
160,160,3.68,73.0,36.0,31.0,12.0,25.0
161,161,3.63,245.0,102.0,121.0,55.0,78.0
162,162,3.0,0.0,2.0,0.0,0.0,1.0
163,163,3.06,9.0,5.0,5.0,3.0,9.0
164,164,3.76,20.0,13.0,10.0,2.0,6.0
165,165,3.81,8.0,4.0,6.0,3.0,0.0
166,166,2.67,1.0,0.0,0.0,1.0,1.0
167,167,3.76,70.0,31.0,16.0,12.0,22.0
168,168,3.46,8.0,5.0,6.0,0.0,5.0
169,169,3.29,384.0,146.0,158.0,98.0,256.0
170,170,2.0,0.0,1.0,0.0,0.0,2.0
171,171,4.14,50.0,18.0,15.0,8.0,2.0
172,172,3.28,165.0,50.0,83.0,49.0,102.0
173,173,3.89,5.0,2.0,0.0,0.0,2.0
174,174,3.14,9.0,4.0,6.0,2.0,8.0
175,175,3.98,398.0,163.0,112.0,54.0,65.0
176,176,4.04,305.0,87.0,78.0,29.0,49.0
177,177,3.76,77.0,32.0,26.0,7.0,26.0
178,178,4.16,17.0,7.0,4.0,1.0,2.0
179,179,3.07,3.0,2.0,5.0,1.0,3.0
180,180,3.35,30.0,13.0,11.0,5.0,20.0
181,181,3.89,5.0,2.0,0.0,0.0,2.0
182,182,3.83,23.0,13.0,5.0,6.0,5.0
183,183,3.96,133.0,75.0,39.0,18.0,23.0
184,184,4.09,2341.0,878.0,607.0,230.0,289.0
185,185,4.06,526.0,202.0,147.0,46.0,77.0
186,186,3.4,5.0,3.0,2.0,3.0,2.0
187,187,3.8,3.0,0.0,1.0,0.0,1.0
188,188,3.99,41.0,7.0,10.0,7.0,6.0
189,189,5.0,,,,,
190,190,3.61,2245.0,1059.0,999.0,562.0,776.0
191,191,4.31,1314.0,374.0,208.0,73.0,103.0
192,192,3.49,16.0,11.0,10.0,5.0,7.0
193,193,3.69,396.0,161.0,128.0,78.0,131.0
194,194,3.64,155.0,65.0,51.0,25.0,61.0
195,195,4.0,2.0,2.0,2.0,0.0,0.0
196,196,3.38,195.0,93.0,92.0,49.0,113.0
197,197,3.7,1070.0,460.0,373.0,181.0,357.0
198,198,3.01,57.0,25.0,43.0,23.0,57.0
199,199,3.67,94.0,32.0,40.0,23.0,26.0
200,200,4.17,295.0,108.0,36.0,23.0,43.0
201,201,4.16,747.0,317.0,172.0,66.0,76.0
202,202,3.84,951.0,368.0,285.0,144.0,230.0
203,203,2.81,5.0,2.0,4.0,4.0,6.0
204,204,3.61,31.0,14.0,8.0,6.0,13.0
205,205,3.67,9.0,8.0,5.0,2.0,3.0
206,206,3.45,383.0,181.0,188.0,109.0,184.0
207,207,3.18,174.0,96.0,97.0,69.0,137.0
208,208,4.02,308.0,90.0,69.0,39.0,50.0
209,209,4.29,1074.0,324.0,191.0,73.0,79.0
210,210,3.71,802.0,331.0,255.0,146.0,258.0
211,211,3.7,70.0,32.0,26.0,10.0,24.0
212,212,5.0,2.0,0.0,0.0,0.0,0.0
213,213,3.61,6.0,5.0,4.0,0.0,3.0
214,214,3.76,4663.0,2418.0,1868.0,842.0,1271.0
215,215,4.17,1834.0,691.0,340.0,140.0,224.0
216,216,5.0,,,,,
217,217,2.0,0.0,0.0,0.0,1.0,0.0
218,218,4.57,5.0,1.0,1.0,0.0,0.0
219,219,3.16,186.0,104.0,97.0,52.0,163.0
220,220,3.96,17.0,0.0,2.0,2.0,4.0
221,221,4.44,13.0,3.0,0.0,1.0,1.0
222,222,3.91,334.0,106.0,94.0,41.0,71.0
223,223,4.06,109.0,37.0,25.0,6.0,20.0
224,224,3.52,9.0,3.0,4.0,5.0,2.0
225,225,4.26,469.0,174.0,88.0,30.0,37.0
226,226,4.0,5.0,0.0,1.0,2.0,0.0
227,227,4.03,295.0,119.0,87.0,42.0,36.0
228,228,4.1,496.0,209.0,124.0,49.0,61.0
229,229,3.77,22.0,8.0,9.0,3.0,6.0
230,230,4.0,3.0,1.0,1.0,1.0,0.0
231,231,3.84,659.0,287.0,219.0,112.0,149.0
232,232,4.23,658.0,217.0,131.0,33.0,70.0
233,233,3.67,261.0,140.0,109.0,43.0,93.0
234,234,3.5,158.0,67.0,74.0,41.0,69.0
235,235,3.46,16.0,8.0,2.0,4.0,9.0
236,236,4.21,60.0,20.0,13.0,5.0,5.0
237,237,3.6,243.0,90.0,88.0,59.0,89.0
238,238,4.28,1064.0,353.0,184.0,65.0,88.0
239,239,2.75,3.0,0.0,1.0,0.0,4.0
240,240,3.9,9.0,7.0,2.0,0.0,3.0
241,241,4.5,4.0,1.0,1.0,0.0,0.0
242,242,3.45,491.0,217.0,228.0,145.0,231.0
243,243,3.99,1428.0,522.0,385.0,171.0,247.0
244,244,4.09,897.0,289.0,149.0,74.0,152.0
245,245,3.54,5.0,3.0,1.0,2.0,2.0
246,246,3.33,1.0,1.0,0.0,0.0,1.0
247,247,4.01,69.0,25.0,23.0,10.0,8.0
248,248,5.0,,,,,
249,249,4.0,103.0,59.0,33.0,7.0,19.0
250,250,3.85,572.0,183.0,153.0,62.0,154.0
251,251,3.98,6862.0,2836.0,2131.0,901.0,1059.0
252,252,4.05,43.0,18.0,11.0,2.0,8.0
253,253,3.91,7.0,1.0,0.0,1.0,2.0
254,254,3.14,8.0,6.0,3.0,4.0,7.0
255,255,3.64,4.0,4.0,0.0,1.0,2.0
256,256,3.96,2138.0,667.0,637.0,255.0,385.0
257,257,3.71,378.0,190.0,143.0,80.0,112.0
258,258,4.0,4.0,3.0,2.0,1.0,0.0
259,259,3.45,504.0,299.0,211.0,129.0,269.0
260,260,3.57,111.0,64.0,63.0,33.0,38.0
261,261,3.5,81.0,44.0,42.0,14.0,41.0
262,262,3.29,13.0,5.0,8.0,4.0,8.0
263,263,3.85,1352.0,574.0,443.0,227.0,296.0
264,264,4.19,2077.0,783.0,446.0,192.0,181.0
265,265,4.5,82.0,17.0,7.0,3.0,4.0
266,266,3.25,2.0,2.0,6.0,1.0,1.0
267,267,4.0,3.0,0.0,0.0,0.0,1.0
268,268,4.22,1646.0,632.0,324.0,126.0,150.0
269,269,3.39,268.0,129.0,155.0,102.0,129.0
270,270,3.72,281.0,151.0,114.0,61.0,80.0
271,271,4.17,1415.0,448.0,305.0,116.0,156.0
272,272,3.75,716.0,284.0,260.0,118.0,208.0
273,273,4.0,3.0,0.0,0.0,0.0,1.0
274,274,4.24,79.0,25.0,14.0,6.0,7.0
275,275,3.54,19.0,8.0,17.0,3.0,7.0
276,276,3.66,20.0,14.0,10.0,7.0,5.0
277,277,3.69,985.0,356.0,320.0,156.0,343.0
278,278,3.53,355.0,168.0,112.0,70.0,171.0
279,279,3.65,1056.0,419.0,375.0,190.0,382.0
280,280,4.07,440.0,187.0,114.0,44.0,59.0
281,281,4.07,441.0,165.0,112.0,43.0,63.0
282,282,3.92,306.0,112.0,88.0,41.0,62.0
283,283,4.02,536.0,212.0,180.0,63.0,70.0
284,284,4.06,65.0,16.0,15.0,8.0,9.0
285,285,3.73,9.0,5.0,4.0,1.0,3.0
286,286,3.65,180.0,74.0,65.0,36.0,63.0
287,287,2.0,0.0,0.0,0.0,1.0,0.0
288,288,4.04,770.0,391.0,248.0,77.0,103.0
289,289,4.29,36.0,13.0,3.0,2.0,4.0
290,290,3.88,5.0,1.0,0.0,0.0,2.0
291,291,3.74,870.0,366.0,287.0,159.0,256.0
292,292,4.1,819.0,323.0,188.0,71.0,113.0
293,293,3.5,1.0,1.0,1.0,1.0,0.0
294,294,3.97,287.0,90.0,69.0,41.0,51.0
295,295,3.84,146.0,53.0,51.0,32.0,27.0
296,296,4.0,3.0,0.0,0.0,0.0,1.0
297,297,4.12,1573.0,546.0,374.0,147.0,186.0
298,298,4.16,385.0,119.0,84.0,28.0,47.0
299,299,3.09,5.0,5.0,4.0,3.0,5.0
300,300,3.85,1158.0,545.0,370.0,181.0,265.0
301,301,3.16,186.0,104.0,97.0,52.0,163.0
302,302,3.07,17.0,6.0,11.0,6.0,15.0
303,303,3.63,61.0,32.0,15.0,14.0,24.0
304,304,3.6,64.0,22.0,19.0,7.0,29.0
305,305,5.0,2.0,0.0,0.0,0.0,0.0
306,306,3.71,4.0,0.0,1.0,1.0,1.0
307,307,3.94,2089.0,901.0,650.0,287.0,377.0
308,308,3.32,351.0,192.0,184.0,110.0,224.0
309,309,5.0,,,,,
310,310,3.44,20.0,17.0,19.0,4.0,11.0
311,311,3.88,5.0,1.0,0.0,0.0,2.0
312,312,5.0,13.0,0.0,0.0,0.0,0.0
313,313,3.57,10.0,2.0,5.0,3.0,3.0
314,314,3.67,4.0,3.0,3.0,1.0,1.0
315,315,3.63,80.0,33.0,31.0,11.0,32.0
316,316,3.5,3.0,0.0,1.0,1.0,1.0
317,317,3.34,305.0,161.0,140.0,97.0,184.0
318,318,2.71,6.0,2.0,5.0,1.0,10.0
319,319,3.0,3.0,1.0,3.0,1.0,3.0
320,320,4.39,77.0,14.0,10.0,6.0,4.0
321,321,3.53,130.0,61.0,48.0,24.0,62.0
322,322,4.25,8.0,2.0,0.0,1.0,1.0
323,323,3.86,14.0,4.0,5.0,2.0,3.0
324,324,3.58,210.0,144.0,117.0,56.0,78.0
325,325,3.74,822.0,539.0,410.0,169.0,208.0
326,326,5.0,1.0,0.0,0.0,0.0,0.0
327,327,3.88,569.0,278.0,175.0,67.0,135.0
328,328,4.09,30.0,12.0,10.0,0.0,5.0
329,329,4.11,54.0,16.0,13.0,2.0,9.0
330,330,3.43,227.0,134.0,98.0,64.0,124.0
331,331,3.57,12.0,6.0,2.0,2.0,6.0
332,332,3.35,660.0,264.0,301.0,162.0,399.0
333,333,3.93,3367.0,1510.0,1148.0,469.0,594.0
334,334,4.07,14.0,8.0,1.0,1.0,3.0
335,335,4.22,138.0,50.0,26.0,9.0,14.0
336,336,4.13,70.0,30.0,10.0,7.0,10.0
337,337,2.0,0.0,0.0,0.0,1.0,0.0
338,338,3.77,559.0,212.0,135.0,77.0,180.0
339,339,3.65,1009.0,401.0,358.0,212.0,344.0
340,340,3.91,885.0,366.0,230.0,139.0,177.0
341,341,3.18,17.0,19.0,12.0,8.0,16.0
342,342,3.11,146.0,58.0,59.0,38.0,133.0
343,343,3.9,9.0,7.0,2.0,0.0,3.0
344,344,3.19,77.0,44.0,39.0,19.0,66.0
345,345,3.93,216.0,77.0,60.0,34.0,39.0
346,346,5.0,,,,,
347,347,4.32,2418.0,548.0,327.0,126.0,229.0
348,348,5.0,,,,,
349,349,3.18,4.0,1.0,1.0,3.0,2.0
350,350,3.75,780.0,431.0,317.0,147.0,217.0
351,351,4.26,735.0,295.0,134.0,55.0,54.0
352,352,3.63,181.0,112.0,75.0,43.0,66.0
353,353,4.29,2611.0,850.0,449.0,145.0,211.0
354,354,4.05,93.0,32.0,18.0,5.0,19.0
355,355,4.33,1.0,2.0,0.0,0.0,0.0
356,356,4.03,267.0,103.0,67.0,35.0,38.0
357,357,4.14,475.0,171.0,112.0,49.0,49.0
358,358,3.92,7.0,1.0,2.0,0.0,2.0
359,359,4.09,994.0,449.0,234.0,85.0,141.0
360,360,4.07,23.0,12.0,6.0,1.0,4.0
361,361,3.89,588.0,250.0,188.0,81.0,125.0
362,362,4.06,365.0,109.0,73.0,33.0,63.0
363,363,3.0,0.0,1.0,0.0,1.0,0.0
364,364,4.13,35.0,10.0,7.0,4.0,4.0
365,365,2.75,29.0,17.0,19.0,17.0,45.0
366,366,4.04,1123.0,468.0,354.0,117.0,149.0
367,367,3.25,127.0,65.0,69.0,40.0,91.0
368,368,3.77,191.0,87.0,69.0,41.0,47.0
369,369,4.03,3502.0,1523.0,1145.0,416.0,436.0
370,370,5.0,3.0,0.0,0.0,0.0,0.0
371,371,4.1,6.0,1.0,2.0,0.0,1.0
372,372,4.01,283.0,111.0,69.0,29.0,50.0
373,373,1.0,0.0,0.0,0.0,0.0,1.0
374,374,3.13,3.0,1.0,1.0,0.0,3.0
375,375,5.0,,,,,
376,376,4.24,25.0,6.0,7.0,1.0,2.0
377,377,3.92,1352.0,636.0,397.0,185.0,271.0
378,378,3.47,137.0,64.0,69.0,40.0,61.0
379,379,2.99,59.0,38.0,36.0,32.0,63.0
380,380,4.05,385.0,125.0,81.0,48.0,58.0
381,381,3.45,2936.0,1396.0,1547.0,970.0,1315.0
382,382,4.47,601.0,187.0,84.0,16.0,19.0
383,383,3.58,29.0,20.0,13.0,7.0,12.0
384,384,2.5,1.0,0.0,0.0,2.0,1.0
385,385,3.2,3.0,1.0,3.0,1.0,2.0
386,386,4.16,81.0,19.0,12.0,3.0,14.0
387,387,4.0,2.0,1.0,0.0,1.0,0.0
388,388,4.17,7.0,2.0,2.0,0.0,1.0
389,389,3.67,126.0,66.0,44.0,23.0,45.0
390,390,3.08,26.0,25.0,17.0,14.0,27.0
391,391,4.15,1511.0,479.0,275.0,115.0,207.0
392,392,3.98,777.0,367.0,241.0,112.0,115.0
393,393,2.82,7.0,3.0,6.0,2.0,10.0
394,394,3.8,2.0,2.0,0.0,0.0,1.0
395,395,3.3,2.0,2.0,4.0,1.0,1.0
396,396,4.33,91.0,28.0,15.0,2.0,8.0
397,397,3.71,7.0,3.0,4.0,1.0,2.0
398,398,4.34,500.0,152.0,86.0,26.0,30.0
399,399,3.54,7.0,11.0,4.0,2.0,4.0
400,400,3.62,884.0,343.0,331.0,184.0,327.0
401,401,3.94,3278.0,1411.0,998.0,431.0,617.0
402,402,3.59,917.0,374.0,331.0,223.0,344.0
403,403,3.95,129.0,42.0,27.0,7.0,33.0
404,404,4.21,461.0,150.0,64.0,24.0,63.0
405,405,3.67,14.0,7.0,4.0,3.0,5.0
406,406,4.35,18.0,4.0,1.0,1.0,2.0
407,407,4.07,38.0,21.0,5.0,8.0,4.0
408,408,4.36,13.0,5.0,3.0,1.0,0.0
409,409,3.32,190.0,108.0,94.0,70.0,117.0
410,410,3.98,447.0,203.0,145.0,62.0,64.0
411,411,4.06,365.0,109.0,73.0,33.0,63.0
412,412,4.23,590.0,195.0,124.0,41.0,52.0
413,413,3.68,35.0,10.0,13.0,8.0,10.0
414,414,3.0,5.0,3.0,7.0,1.0,6.0
415,415,3.0,0.0,1.0,0.0,1.0,0.0
416,416,4.06,136.0,52.0,31.0,10.0,23.0
417,417,3.49,73.0,44.0,29.0,18.0,37.0
418,418,3.84,56.0,34.0,20.0,9.0,13.0
419,419,4.5,4.0,1.0,1.0,0.0,0.0
420,420,3.74,23.0,11.0,10.0,3.0,7.0
421,421,3.54,748.0,417.0,331.0,194.0,316.0
422,422,4.0,3.0,1.0,1.0,1.0,0.0
423,423,3.51,26.0,17.0,18.0,7.0,11.0
424,424,4.19,108.0,50.0,27.0,6.0,10.0
425,425,3.42,29.0,16.0,10.0,7.0,17.0
426,426,4.08,212.0,89.0,56.0,29.0,22.0
427,427,3.5,28.0,7.0,9.0,9.0,11.0
428,428,3.88,2.0,4.0,1.0,1.0,0.0
429,429,4.23,194.0,59.0,29.0,13.0,22.0
430,430,3.0,1.0,1.0,0.0,1.0,1.0
431,431,3.93,4299.0,1527.0,1177.0,527.0,882.0
432,432,3.39,5.0,6.0,1.0,3.0,3.0
433,433,4.09,3566.0,1389.0,942.0,352.0,440.0
434,434,3.74,240.0,89.0,77.0,37.0,75.0
435,435,4.2,9.0,2.0,3.0,0.0,1.0
436,436,3.75,1.0,1.0,2.0,0.0,0.0
437,437,4.25,136.0,35.0,28.0,9.0,12.0
438,438,5.0,,,,,
439,439,4.05,340.0,129.0,106.0,35.0,44.0
440,440,3.91,381.0,180.0,110.0,68.0,69.0
441,441,3.8,360.0,132.0,116.0,55.0,94.0
442,442,3.67,89.0,26.0,31.0,14.0,31.0
443,443,3.7,395.0,177.0,135.0,64.0,133.0
444,444,3.76,390.0,198.0,130.0,65.0,116.0
445,445,3.84,938.0,384.0,292.0,136.0,232.0
446,446,3.33,1138.0,523.0,521.0,324.0,710.0
447,447,5.0,,,,,
448,448,3.0,2.0,1.0,3.0,1.0,2.0
449,449,4.29,247.0,89.0,40.0,15.0,19.0
450,450,3.75,185.0,83.0,81.0,30.0,50.0
451,451,3.12,170.0,89.0,91.0,72.0,145.0
452,452,3.93,20.0,7.0,9.0,1.0,4.0
453,453,4.24,29.0,12.0,4.0,2.0,3.0
454,454,3.67,89.0,26.0,31.0,14.0,31.0
455,455,3.92,4974.0,2091.0,1409.0,655.0,1021.0
456,456,4.08,231.0,118.0,49.0,21.0,35.0
457,457,4.12,220.0,111.0,72.0,23.0,16.0
458,458,4.01,85.0,22.0,24.0,7.0,15.0
459,459,3.95,836.0,306.0,221.0,103.0,166.0
460,460,4.86,6.0,1.0,0.0,0.0,0.0
461,461,4.41,2050.0,550.0,276.0,87.0,115.0
462,462,3.08,11.0,8.0,3.0,7.0,10.0
463,463,3.0,22.0,10.0,23.0,10.0,22.0
464,464,4.07,27.0,18.0,7.0,2.0,4.0
465,465,2.92,2.0,2.0,4.0,1.0,3.0
466,466,4.04,29.0,16.0,2.0,5.0,5.0
467,467,4.04,127.0,49.0,26.0,7.0,26.0
468,468,3.89,66.0,35.0,15.0,5.0,19.0
469,469,3.73,56.0,32.0,30.0,8.0,16.0
470,470,4.22,571.0,171.0,116.0,53.0,47.0
471,471,3.84,16.0,10.0,3.0,5.0,3.0
472,472,3.64,702.0,339.0,272.0,144.0,254.0
473,473,3.71,1095.0,597.0,464.0,222.0,328.0
474,474,3.81,356.0,111.0,103.0,59.0,90.0
475,475,4.62,27.0,4.0,1.0,1.0,1.0
476,476,2.95,72.0,47.0,59.0,36.0,85.0
477,477,3.7,149.0,56.0,57.0,20.0,50.0
478,478,3.66,3598.0,1821.0,1607.0,808.0,1137.0
479,479,4.09,59.0,16.0,10.0,5.0,10.0
480,480,4.14,29.0,9.0,8.0,1.0,4.0
481,481,5.0,,,,,
482,482,2.67,1.0,0.0,0.0,1.0,1.0
483,483,3.62,732.0,322.0,264.0,147.0,277.0
484,484,3.39,584.0,289.0,276.0,149.0,334.0
485,485,3.23,25.0,9.0,8.0,11.0,16.0
486,486,3.44,248.0,153.0,135.0,67.0,131.0
487,487,5.0,,,,,
488,488,2.61,3.0,2.0,5.0,1.0,7.0
489,489,3.15,20.0,17.0,9.0,6.0,20.0
490,490,3.8,28.0,11.0,12.0,2.0,8.0
491,491,3.95,230.0,87.0,60.0,25.0,47.0
492,492,3.56,364.0,140.0,157.0,92.0,140.0
493,493,4.1,212.0,61.0,38.0,20.0,33.0
494,494,3.93,333.0,114.0,97.0,39.0,68.0
495,495,3.61,183.0,80.0,63.0,42.0,69.0
496,496,3.28,10.0,11.0,8.0,2.0,9.0
497,497,3.6,10.0,4.0,5.0,3.0,3.0
498,498,3.35,2998.0,1514.0,1827.0,1136.0,1600.0
499,499,4.29,1245.0,418.0,247.0,68.0,90.0
500,500,3.39,1046.0,453.0,522.0,289.0,567.0
501,501,3.88,555.0,182.0,172.0,81.0,119.0
502,502,4.16,1201.0,398.0,241.0,94.0,148.0
503,503,4.28,84.0,19.0,22.0,2.0,7.0
504,504,4.02,1383.0,591.0,342.0,153.0,225.0
505,505,4.36,13.0,5.0,3.0,1.0,0.0
506,506,4.08,295.0,113.0,65.0,27.0,45.0
507,507,3.9,49.0,16.0,14.0,9.0,9.0
508,508,3.61,740.0,405.0,345.0,164.0,272.0
509,509,3.59,469.0,286.0,252.0,94.0,184.0
510,510,3.81,5065.0,2342.0,1964.0,890.0,1147.0
511,511,3.9,387.0,168.0,120.0,65.0,73.0
512,512,4.0,3.0,0.0,3.0,0.0,0.0
513,513,4.03,445.0,159.0,103.0,45.0,75.0
514,514,3.25,127.0,65.0,69.0,40.0,91.0
515,515,3.62,189.0,89.0,74.0,41.0,69.0
516,516,3.95,4487.0,1955.0,1532.0,658.0,705.0
517,517,4.17,1141.0,329.0,212.0,88.0,140.0
518,518,3.33,0.0,2.0,0.0,1.0,0.0
519,519,3.33,0.0,2.0,0.0,1.0,0.0
520,520,2.0,0.0,0.0,1.0,0.0,1.0
521,521,3.88,5.0,1.0,0.0,0.0,2.0
522,522,3.41,8.0,8.0,4.0,1.0,6.0
523,523,4.1,5.0,3.0,1.0,0.0,1.0
524,524,4.08,38.0,6.0,8.0,2.0,7.0
525,525,3.78,127.0,47.0,58.0,20.0,30.0
526,526,4.33,28.0,13.0,5.0,2.0,1.0
527,527,3.57,27.0,15.0,6.0,7.0,12.0
528,528,4.47,1253.0,351.0,139.0,42.0,53.0
529,529,3.46,239.0,71.0,85.0,56.0,115.0
530,530,4.06,20.0,6.0,5.0,2.0,3.0
531,531,4.16,28.0,4.0,9.0,0.0,4.0
532,532,2.67,1.0,4.0,2.0,0.0,5.0
533,533,3.37,1813.0,1162.0,1071.0,609.0,1030.0
534,534,3.55,47.0,21.0,20.0,15.0,17.0
535,535,3.32,181.0,83.0,77.0,58.0,111.0
536,536,4.08,960.0,346.0,285.0,97.0,111.0
537,537,4.06,2301.0,939.0,572.0,248.0,318.0
538,538,3.89,361.0,137.0,117.0,53.0,72.0
539,539,4.63,5.0,3.0,0.0,0.0,0.0
540,540,3.38,16.0,6.0,7.0,4.0,9.0
541,541,4.14,1950.0,776.0,428.0,184.0,222.0
542,542,3.8,7.0,3.0,2.0,1.0,2.0
543,543,4.27,528.0,197.0,105.0,32.0,39.0
544,544,3.7,211.0,107.0,89.0,39.0,65.0
545,545,4.34,460.0,128.0,71.0,34.0,26.0
546,546,4.03,3030.0,1257.0,884.0,326.0,432.0
547,547,3.41,1964.0,1029.0,1167.0,684.0,937.0
548,548,4.23,2638.0,851.0,473.0,213.0,246.0
549,549,3.54,24.0,10.0,5.0,9.0,9.0
550,550,3.12,5.0,6.0,5.0,5.0,4.0
551,551,3.67,9.0,8.0,5.0,2.0,3.0
552,552,4.37,367.0,122.0,50.0,15.0,24.0
553,553,4.33,2.0,0.0,1.0,0.0,0.0
554,554,4.01,283.0,111.0,69.0,29.0,50.0
555,555,5.0,,,,,
556,556,3.56,29.0,10.0,15.0,6.0,11.0
557,557,3.96,46.0,24.0,14.0,6.0,8.0
558,558,4.25,3.0,0.0,0.0,1.0,0.0
559,559,3.51,270.0,138.0,157.0,64.0,118.0
560,560,4.74,40.0,3.0,3.0,1.0,0.0
561,561,3.61,91.0,57.0,28.0,17.0,40.0
562,562,3.88,3029.0,1251.0,982.0,455.0,643.0
563,563,3.73,3624.0,1733.0,1531.0,761.0,960.0
564,564,3.53,1328.0,706.0,611.0,377.0,550.0
565,565,4.34,1891.0,631.0,367.0,99.0,91.0
566,566,4.4,7.0,2.0,0.0,0.0,1.0
567,567,3.67,7.0,3.0,5.0,1.0,2.0
568,568,4.0,5.0,5.0,1.0,2.0,0.0
569,569,4.38,654.0,178.0,94.0,32.0,38.0
570,570,2.25,0.0,0.0,2.0,1.0,1.0
571,571,4.29,19.0,5.0,5.0,1.0,1.0
572,572,4.11,252.0,76.0,55.0,19.0,37.0
573,573,3.9,10.0,5.0,2.0,2.0,2.0
574,574,4.41,177.0,58.0,28.0,6.0,8.0
575,575,3.74,63.0,33.0,23.0,11.0,19.0
576,576,4.0,1.0,2.0,1.0,0.0,0.0
577,577,2.88,18.0,11.0,21.0,7.0,25.0
578,578,3.29,15.0,8.0,12.0,4.0,10.0
579,579,3.26,171.0,92.0,91.0,58.0,119.0
580,580,3.18,4.0,1.0,1.0,3.0,2.0
581,581,3.77,191.0,87.0,69.0,41.0,47.0
582,582,3.65,381.0,145.0,144.0,83.0,125.0
583,583,3.88,33.0,15.0,10.0,2.0,9.0
584,584,4.34,1032.0,341.0,185.0,57.0,54.0
585,585,3.67,184.0,85.0,85.0,42.0,54.0
586,586,3.34,33.0,17.0,15.0,9.0,21.0
587,587,4.01,141.0,55.0,32.0,20.0,22.0
588,588,3.13,11.0,11.0,7.0,5.0,11.0
589,589,3.33,1.0,1.0,0.0,0.0,1.0
590,590,4.05,339.0,114.0,70.0,34.0,57.0
591,591,4.07,411.0,158.0,102.0,56.0,48.0
592,592,3.32,11.0,3.0,3.0,6.0,5.0
593,593,3.94,1228.0,552.0,394.0,165.0,218.0
594,594,3.77,173.0,87.0,68.0,31.0,45.0
595,595,3.8,22.0,9.0,6.0,2.0,7.0
596,596,4.02,639.0,288.0,173.0,72.0,97.0
597,597,5.0,,,,,
598,598,3.81,163.0,63.0,48.0,21.0,46.0
599,599,4.15,16.0,5.0,3.0,0.0,3.0
600,600,3.97,486.0,239.0,161.0,49.0,85.0
601,601,3.69,12.0,5.0,6.0,3.0,3.0
602,602,3.0,14.0,3.0,10.0,5.0,13.0
603,603,4.24,147.0,57.0,26.0,11.0,13.0
604,604,3.94,583.0,189.0,153.0,80.0,111.0
605,605,4.07,1184.0,545.0,329.0,116.0,154.0
606,606,4.03,15.0,8.0,3.0,4.0,1.0
607,607,4.4,57.0,16.0,6.0,4.0,3.0
608,608,3.42,2679.0,1403.0,1317.0,793.0,1404.0
609,609,4.0,716.0,272.0,155.0,75.0,137.0
610,610,4.05,410.0,160.0,113.0,44.0,57.0
611,611,3.28,570.0,245.0,276.0,190.0,368.0
612,612,3.83,3.0,1.0,1.0,0.0,1.0
613,613,3.47,13.0,7.0,4.0,3.0,7.0
614,614,3.21,14.0,13.0,4.0,3.0,14.0
615,615,3.38,3.0,2.0,0.0,1.0,2.0
616,616,3.91,453.0,198.0,124.0,78.0,87.0
617,617,4.28,973.0,300.0,187.0,58.0,76.0
618,618,5.0,,,,,
619,619,4.23,39.0,10.0,5.0,4.0,4.0
620,620,3.33,1.0,1.0,0.0,0.0,1.0
621,621,3.53,125.0,47.0,47.0,29.0,54.0
622,622,4.3,523.0,147.0,87.0,32.0,41.0
623,623,3.5,0.0,1.0,1.0,0.0,0.0
624,624,4.07,18.0,4.0,4.0,0.0,4.0
625,625,3.37,378.0,116.0,117.0,102.0,215.0
626,626,3.68,67.0,26.0,26.0,18.0,18.0
627,627,3.88,59.0,27.0,14.0,6.0,16.0
628,628,4.15,1375.0,544.0,332.0,122.0,141.0
629,629,3.48,892.0,491.0,456.0,247.0,418.0
630,630,3.74,2620.0,1456.0,1235.0,515.0,683.0
631,631,4.1,845.0,294.0,179.0,72.0,122.0
632,632,3.69,5.0,2.0,4.0,1.0,1.0
633,633,3.54,5.0,3.0,1.0,2.0,2.0
634,634,5.0,,,,,
635,635,3.5,4.0,1.0,0.0,1.0,2.0
636,636,4.57,16.0,4.0,3.0,0.0,0.0
637,637,4.28,597.0,164.0,84.0,25.0,66.0
638,638,3.29,15.0,8.0,12.0,4.0,10.0
639,639,3.17,1.0,1.0,3.0,0.0,1.0
640,640,4.5,3.0,0.0,1.0,0.0,0.0
641,641,3.63,35.0,25.0,7.0,13.0,12.0
642,642,3.83,557.0,216.0,174.0,83.0,139.0
643,643,4.0,5.0,3.0,2.0,0.0,1.0
644,644,4.0,3.0,0.0,1.0,1.0,0.0
645,645,2.0,0.0,1.0,0.0,0.0,2.0
646,646,3.83,615.0,357.0,248.0,92.0,146.0
647,647,3.93,284.0,107.0,78.0,43.0,54.0
648,648,3.8,4.0,4.0,0.0,0.0,2.0
649,649,4.16,82.0,27.0,10.0,7.0,12.0
650,650,3.97,317.0,100.0,66.0,44.0,61.0
651,651,3.6,500.0,218.0,171.0,110.0,194.0
652,652,3.06,18.0,10.0,13.0,6.0,18.0
653,653,3.41,11.0,5.0,3.0,0.0,8.0
654,654,3.76,3689.0,1502.0,1160.0,592.0,1086.0
655,655,3.2,3.0,1.0,3.0,1.0,2.0
656,656,3.43,9.0,4.0,2.0,4.0,4.0
657,657,3.55,303.0,154.0,134.0,81.0,121.0
658,658,3.82,88.0,30.0,22.0,11.0,25.0
659,659,4.16,385.0,119.0,84.0,28.0,47.0
660,660,3.72,19.0,12.0,6.0,4.0,6.0
661,661,2.79,5.0,1.0,0.0,2.0,6.0
662,662,3.91,50.0,20.0,15.0,7.0,10.0
663,663,4.08,302.0,108.0,58.0,35.0,43.0
664,664,3.47,213.0,89.0,81.0,44.0,109.0
665,665,3.63,1097.0,482.0,430.0,227.0,397.0
666,666,4.19,35.0,7.0,4.0,3.0,5.0
667,667,4.0,1.0,0.0,1.0,0.0,0.0
668,668,2.79,4.0,4.0,2.0,2.0,7.0
669,669,4.25,12.0,4.0,2.0,1.0,1.0
670,670,5.0,,,,,
671,671,3.51,17.0,10.0,6.0,8.0,6.0
672,672,2.0,0.0,0.0,0.0,2.0,0.0
673,673,3.85,188.0,75.0,64.0,29.0,42.0
674,674,4.09,299.0,105.0,63.0,25.0,46.0
675,675,4.53,32.0,6.0,3.0,0.0,2.0
676,676,5.0,1.0,0.0,0.0,0.0,0.0
677,677,3.75,97.0,35.0,38.0,16.0,27.0
678,678,3.54,748.0,417.0,331.0,194.0,316.0
679,679,3.69,5.0,2.0,4.0,1.0,1.0
680,680,3.8,23.0,9.0,8.0,5.0,5.0
681,681,3.08,26.0,25.0,17.0,14.0,27.0
682,682,3.91,1506.0,654.0,417.0,217.0,307.0
683,683,3.57,27.0,15.0,6.0,7.0,12.0
684,684,3.67,9.0,8.0,5.0,2.0,3.0
685,685,3.08,213.0,133.0,133.0,97.0,201.0
686,686,3.01,373.0,194.0,213.0,152.0,390.0
687,687,3.39,584.0,289.0,276.0,149.0,334.0
688,688,4.09,1222.0,492.0,345.0,117.0,148.0
689,689,3.5,4.0,1.0,0.0,1.0,2.0
690,690,3.67,237.0,129.0,84.0,59.0,76.0
691,691,3.95,304.0,112.0,86.0,36.0,58.0
692,692,2.93,863.0,469.0,621.0,510.0,958.0
693,693,2.9,16.0,8.0,13.0,4.0,21.0
694,694,3.91,22.0,9.0,4.0,2.0,6.0
695,695,3.34,669.0,302.0,328.0,196.0,402.0
696,696,3.47,22.0,9.0,6.0,9.0,9.0
697,697,3.34,80.0,44.0,57.0,23.0,48.0
698,698,2.67,1.0,0.0,0.0,1.0,1.0
699,699,3.47,145.0,67.0,54.0,44.0,68.0
700,700,3.74,23.0,11.0,10.0,3.0,7.0
701,701,2.79,4.0,4.0,2.0,2.0,7.0
702,702,3.28,44.0,29.0,21.0,17.0,30.0
703,703,3.25,431.0,195.0,205.0,146.0,299.0
704,704,3.67,5.0,3.0,1.0,1.0,2.0
705,705,3.1,4.0,5.0,5.0,3.0,4.0
706,706,3.75,660.0,322.0,231.0,119.0,188.0
707,707,3.49,21.0,11.0,6.0,8.0,9.0
708,708,4.35,2091.0,612.0,336.0,109.0,131.0
709,709,3.68,16.0,8.0,7.0,5.0,4.0
710,710,3.96,135.0,37.0,32.0,17.0,26.0
711,711,4.09,76.0,37.0,19.0,10.0,8.0
712,712,4.38,6.0,1.0,0.0,0.0,1.0
713,713,4.23,20.0,16.0,7.0,0.0,1.0
714,714,3.37,86.0,40.0,37.0,26.0,49.0
715,715,3.8,5.0,1.0,2.0,1.0,1.0
716,716,3.47,342.0,113.0,143.0,68.0,169.0
717,717,4.02,439.0,171.0,102.0,60.0,68.0
718,718,4.18,81.0,26.0,22.0,6.0,7.0
719,719,3.49,55.0,33.0,25.0,15.0,26.0
720,720,3.87,90.0,38.0,24.0,12.0,22.0
721,721,3.64,1342.0,691.0,618.0,301.0,445.0
722,722,3.75,226.0,106.0,65.0,41.0,68.0
723,723,3.39,440.0,207.0,233.0,139.0,229.0
724,724,3.61,981.0,434.0,368.0,220.0,363.0
725,725,3.09,5.0,5.0,4.0,3.0,5.0
726,726,4.13,82.0,28.0,15.0,5.0,13.0
727,727,3.42,144.0,57.0,60.0,35.0,77.0
728,728,3.81,77.0,31.0,28.0,10.0,20.0
729,729,4.19,50.0,14.0,6.0,4.0,7.0
730,730,3.13,268.0,132.0,169.0,129.0,210.0
731,731,3.56,1417.0,804.0,786.0,411.0,511.0
732,732,5.0,,,,,
733,733,3.7,133.0,45.0,52.0,29.0,37.0
734,734,3.7,11.0,4.0,6.0,5.0,1.0
735,735,3.68,358.0,169.0,147.0,64.0,118.0
736,736,3.95,30.0,17.0,10.0,1.0,7.0
737,737,4.1,2616.0,1011.0,657.0,284.0,306.0
738,738,3.59,515.0,265.0,238.0,115.0,196.0
739,739,2.57,1.0,1.0,2.0,0.0,3.0
740,740,3.61,2246.0,1221.0,1098.0,506.0,820.0
741,741,3.86,1009.0,399.0,300.0,143.0,241.0
742,742,3.66,624.0,262.0,246.0,122.0,213.0
743,743,3.87,1223.0,644.0,419.0,178.0,267.0
744,744,4.75,3.0,1.0,0.0,0.0,0.0
745,745,4.13,705.0,296.0,162.0,79.0,70.0
746,746,5.0,,,,,
747,747,3.8,35.0,12.0,12.0,10.0,6.0
748,748,3.97,16.0,5.0,5.0,0.0,4.0
749,749,4.26,18.0,4.0,2.0,0.0,3.0
750,750,3.32,243.0,122.0,142.0,99.0,137.0
751,751,3.95,30.0,17.0,10.0,1.0,7.0
752,752,4.0,2.0,1.0,0.0,1.0,0.0
753,753,3.78,1334.0,459.0,339.0,201.0,396.0
754,754,3.96,86.0,26.0,28.0,8.0,16.0
755,755,4.14,304.0,122.0,68.0,23.0,38.0
756,756,3.6,308.0,146.0,130.0,55.0,124.0
757,757,4.05,754.0,329.0,219.0,73.0,104.0
758,758,4.67,4.0,2.0,0.0,0.0,0.0
759,759,4.83,5.0,1.0,0.0,0.0,0.0
760,760,2.92,9.0,0.0,4.0,2.0,9.0
761,761,3.0,5.0,3.0,7.0,1.0,6.0
762,762,3.4,96.0,44.0,37.0,23.0,55.0
763,763,3.86,63.0,16.0,16.0,6.0,17.0
764,764,3.84,27.0,6.0,8.0,3.0,7.0
765,765,3.41,35.0,19.0,22.0,14.0,16.0
766,766,3.92,8.0,11.0,4.0,0.0,2.0
767,767,3.66,461.0,218.0,170.0,94.0,160.0
768,768,2.98,36.0,9.0,17.0,9.0,37.0
769,769,2.67,1.0,4.0,2.0,0.0,5.0
770,770,3.47,11.0,6.0,5.0,7.0,3.0
771,771,4.34,1974.0,581.0,275.0,91.0,154.0
772,772,3.75,97.0,35.0,38.0,16.0,27.0
773,773,3.74,252.0,117.0,95.0,46.0,72.0
774,774,5.0,,,,,
775,775,4.18,385.0,126.0,85.0,33.0,39.0
776,776,4.22,471.0,185.0,96.0,36.0,39.0
777,777,4.23,41.0,8.0,10.0,2.0,4.0
778,778,3.76,662.0,328.0,252.0,129.0,175.0
779,779,3.96,190.0,83.0,48.0,25.0,36.0
780,780,1.0,0.0,0.0,0.0,0.0,1.0
781,781,5.0,,,,,
782,782,3.29,40.0,12.0,10.0,11.0,26.0
783,783,3.21,117.0,60.0,52.0,48.0,85.0
784,784,4.09,626.0,176.0,138.0,48.0,99.0
785,785,3.69,82.0,30.0,27.0,17.0,26.0
786,786,3.9,1783.0,730.0,566.0,258.0,363.0
787,787,3.35,27.0,16.0,17.0,10.0,15.0
788,788,3.67,2.0,1.0,2.0,1.0,0.0
789,789,5.0,2.0,0.0,0.0,0.0,0.0
790,790,4.0,5479.0,2331.0,1605.0,665.0,847.0
791,791,3.22,5.0,0.0,0.0,0.0,4.0
792,792,4.15,87.0,30.0,19.0,6.0,11.0
793,793,4.15,1511.0,479.0,275.0,115.0,207.0
794,794,3.55,362.0,142.0,141.0,77.0,154.0
795,795,4.28,310.0,108.0,46.0,25.0,23.0
796,796,3.82,891.0,323.0,280.0,161.0,205.0
797,797,3.34,33.0,13.0,19.0,11.0,18.0
798,798,4.52,216.0,64.0,16.0,9.0,7.0
799,799,3.38,24.0,6.0,11.0,2.0,15.0
800,800,4.06,894.0,303.0,224.0,92.0,129.0
801,801,5.0,1.0,0.0,0.0,0.0,0.0
802,802,3.71,18.0,7.0,9.0,3.0,5.0
803,803,3.89,55.0,23.0,20.0,3.0,14.0
804,804,3.96,17.0,0.0,2.0,2.0,4.0
805,805,3.29,1.0,3.0,1.0,1.0,1.0
806,806,3.3,129.0,67.0,91.0,41.0,80.0
807,807,3.73,64.0,30.0,18.0,14.0,19.0
808,808,3.16,11.0,7.0,7.0,3.0,10.0
809,809,3.46,23.0,9.0,8.0,3.0,13.0
810,810,4.18,777.0,274.0,155.0,55.0,91.0
811,811,3.82,1220.0,433.0,365.0,203.0,299.0
812,812,4.36,1271.0,400.0,200.0,69.0,70.0
813,813,3.0,0.0,1.0,0.0,1.0,0.0
814,814,4.0,21.0,5.0,2.0,2.0,5.0
815,815,4.18,211.0,59.0,40.0,17.0,25.0
816,816,3.0,2.0,0.0,2.0,0.0,2.0
817,817,4.0,3.0,0.0,1.0,1.0,0.0
818,818,3.47,14.0,5.0,6.0,1.0,8.0
819,819,3.96,1958.0,675.0,518.0,242.0,368.0
820,820,3.98,64.0,29.0,21.0,6.0,11.0
821,821,3.39,67.0,34.0,34.0,20.0,37.0
822,822,4.46,147.0,40.0,18.0,6.0,6.0
823,823,3.82,189.0,101.0,59.0,30.0,49.0
824,824,3.61,981.0,434.0,368.0,220.0,363.0
825,825,4.13,13.0,4.0,4.0,0.0,2.0
826,826,3.45,288.0,207.0,190.0,99.0,136.0
827,827,3.39,86.0,33.0,30.0,20.0,50.0
828,828,3.78,470.0,194.0,155.0,74.0,129.0
829,829,3.27,412.0,187.0,166.0,113.0,289.0
830,830,4.0,1.0,0.0,1.0,0.0,0.0
831,831,3.73,32.0,16.0,22.0,4.0,8.0
832,832,3.49,21.0,11.0,6.0,8.0,9.0
833,833,3.68,911.0,340.0,279.0,169.0,316.0
834,834,4.24,183.0,69.0,37.0,19.0,11.0
835,835,3.79,95.0,35.0,28.0,16.0,26.0
836,836,3.82,232.0,114.0,72.0,59.0,46.0
837,837,4.01,252.0,85.0,62.0,31.0,41.0
838,838,4.22,373.0,117.0,66.0,27.0,38.0
839,839,3.45,305.0,164.0,155.0,107.0,138.0
840,840,3.93,1044.0,526.0,348.0,146.0,189.0
841,841,3.74,231.0,104.0,92.0,46.0,63.0
842,842,3.8,932.0,422.0,317.0,151.0,244.0
843,843,3.85,189.0,102.0,55.0,31.0,45.0
844,844,4.07,9.0,0.0,3.0,1.0,1.0
845,845,3.09,101.0,46.0,61.0,40.0,89.0
846,846,5.0,13.0,0.0,0.0,0.0,0.0
847,847,3.44,350.0,149.0,152.0,92.0,178.0
848,848,3.59,288.0,101.0,119.0,62.0,107.0
849,849,4.05,321.0,109.0,68.0,23.0,59.0
850,850,3.78,216.0,81.0,69.0,41.0,56.0
851,851,4.09,281.0,113.0,56.0,30.0,40.0
852,852,3.29,517.0,255.0,256.0,153.0,349.0
853,853,4.52,394.0,97.0,33.0,9.0,19.0
854,854,4.23,121.0,43.0,24.0,8.0,11.0
855,855,3.6,388.0,198.0,168.0,77.0,154.0
856,856,4.63,27.0,5.0,2.0,0.0,1.0
857,857,4.07,441.0,165.0,112.0,43.0,63.0
858,858,4.23,373.0,141.0,76.0,34.0,26.0
859,859,3.95,274.0,136.0,77.0,38.0,49.0
860,860,4.15,88.0,34.0,18.0,7.0,11.0
861,861,3.47,6.0,5.0,4.0,0.0,4.0
862,862,2.33,1.0,0.0,0.0,0.0,2.0
863,863,3.0,22.0,10.0,23.0,10.0,22.0
864,864,5.0,,,,,
865,865,5.0,,,,,
866,866,3.5,4.0,2.0,0.0,3.0,1.0
867,867,4.0,3.0,0.0,0.0,0.0,1.0
868,868,4.22,136.0,43.0,20.0,6.0,18.0
869,869,3.98,3140.0,1357.0,1154.0,445.0,414.0
870,870,3.61,73.0,30.0,26.0,13.0,29.0
871,871,4.33,10.0,5.0,2.0,1.0,0.0
872,872,4.23,7.0,4.0,0.0,2.0,0.0
873,873,4.21,945.0,333.0,201.0,62.0,90.0
874,874,3.83,25.0,7.0,11.0,4.0,5.0
875,875,4.12,5077.0,1860.0,1185.0,467.0,618.0
876,876,3.2,4.0,2.0,0.0,0.0,4.0
877,877,3.76,163.0,48.0,54.0,27.0,45.0
878,878,4.36,1632.0,531.0,260.0,68.0,101.0
879,879,3.85,384.0,160.0,125.0,59.0,89.0
880,880,3.87,94.0,50.0,21.0,12.0,25.0
881,881,4.0,5.0,5.0,1.0,2.0,0.0
882,882,4.67,2.0,1.0,0.0,0.0,0.0
883,883,3.87,303.0,122.0,99.0,35.0,73.0
884,884,4.17,7.0,2.0,2.0,0.0,1.0
885,885,4.17,347.0,160.0,76.0,33.0,32.0
886,886,3.73,17.0,10.0,6.0,2.0,6.0
887,887,3.4,11.0,3.0,2.0,3.0,6.0
888,888,4.14,363.0,134.0,71.0,27.0,49.0
889,889,3.56,29.0,10.0,15.0,6.0,11.0
890,890,4.27,75.0,31.0,9.0,4.0,8.0
891,891,3.23,393.0,201.0,198.0,133.0,287.0
892,892,3.93,1269.0,485.0,355.0,153.0,264.0
893,893,3.69,5946.0,2952.0,2624.0,1310.0,1736.0
894,894,3.8,9.0,1.0,1.0,1.0,3.0
895,895,3.66,366.0,168.0,129.0,76.0,125.0
896,896,4.04,22.0,13.0,6.0,4.0,2.0
897,897,3.12,106.0,45.0,62.0,39.0,89.0
898,898,3.18,174.0,96.0,97.0,69.0,137.0
899,899,3.51,17.0,10.0,6.0,8.0,6.0
900,900,3.73,12.0,4.0,3.0,5.0,2.0
901,901,3.36,115.0,75.0,54.0,33.0,73.0
902,902,4.16,777.0,298.0,185.0,54.0,87.0
903,903,4.02,330.0,128.0,90.0,34.0,54.0
904,904,5.0,,,,,
905,905,4.19,33.0,10.0,4.0,2.0,5.0
906,906,4.06,61.0,28.0,16.0,10.0,6.0
907,907,4.26,322.0,122.0,62.0,13.0,31.0
908,908,4.5,82.0,17.0,7.0,3.0,4.0
909,909,4.09,68.0,27.0,15.0,9.0,8.0
910,910,4.14,520.0,133.0,106.0,40.0,71.0
911,911,3.88,446.0,162.0,109.0,59.0,107.0
912,912,4.36,6.0,3.0,2.0,0.0,0.0
913,913,3.23,51.0,33.0,42.0,26.0,33.0
914,914,3.91,13.0,1.0,4.0,1.0,3.0
915,915,4.19,50.0,14.0,6.0,4.0,7.0
916,916,4.5,9.0,3.0,2.0,0.0,0.0
917,917,3.36,4.0,1.0,3.0,1.0,2.0
918,918,3.73,68.0,31.0,21.0,14.0,20.0
919,919,3.2,85.0,35.0,38.0,26.0,65.0
920,920,4.13,667.0,217.0,137.0,59.0,85.0
921,921,3.99,337.0,118.0,89.0,33.0,62.0
922,922,3.76,3689.0,1502.0,1160.0,592.0,1086.0
923,923,3.97,23.0,4.0,1.0,4.0,5.0
924,924,3.08,3.0,3.0,3.0,0.0,4.0
925,925,4.0,5.0,3.0,2.0,0.0,1.0
926,926,4.09,97.0,48.0,33.0,10.0,9.0
927,927,3.73,40.0,24.0,24.0,4.0,12.0
928,928,3.4,6.0,5.0,4.0,1.0,4.0
929,929,4.03,29.0,14.0,15.0,3.0,2.0
930,930,3.84,889.0,427.0,291.0,144.0,207.0
931,931,3.7,11.0,4.0,6.0,5.0,1.0
932,932,2.7,6.0,1.0,3.0,1.0,9.0
933,933,3.04,7.0,3.0,4.0,2.0,7.0
934,934,3.4,2.0,0.0,2.0,0.0,1.0
935,935,3.58,63.0,18.0,17.0,14.0,25.0
936,936,3.68,358.0,169.0,147.0,64.0,118.0
937,937,3.55,8.0,5.0,1.0,2.0,4.0
938,938,4.25,3.0,0.0,0.0,1.0,0.0
939,939,3.67,43.0,20.0,24.0,8.0,13.0
940,940,3.62,53.0,26.0,21.0,11.0,20.0
941,941,3.55,37.0,17.0,10.0,8.0,17.0
942,942,3.13,11.0,11.0,7.0,5.0,11.0
943,943,3.78,892.0,440.0,379.0,168.0,211.0
944,944,3.99,98.0,41.0,25.0,15.0,15.0
945,945,4.37,17.0,7.0,1.0,0.0,2.0
946,946,5.0,2.0,0.0,0.0,0.0,0.0
947,947,3.32,11.0,3.0,2.0,1.0,8.0
948,948,3.78,912.0,349.0,288.0,131.0,261.0
949,949,4.09,386.0,143.0,81.0,35.0,57.0
950,950,5.0,2.0,0.0,0.0,0.0,0.0
951,951,4.09,1442.0,635.0,401.0,137.0,174.0
952,952,3.83,6060.0,2562.0,2214.0,1033.0,1329.0
953,953,4.33,7.0,3.0,1.0,1.0,0.0
954,954,3.75,745.0,349.0,274.0,145.0,204.0
955,955,3.11,19.0,4.0,13.0,6.0,15.0
956,956,4.33,69.0,23.0,7.0,7.0,4.0
957,957,4.2,7337.0,2647.0,1643.0,623.0,630.0
958,958,3.93,286.0,90.0,78.0,36.0,59.0
959,959,5.0,,,,,
960,960,3.69,53.0,25.0,21.0,12.0,16.0
961,961,4.0,91.0,39.0,28.0,3.0,19.0
962,962,4.05,4640.0,1964.0,1121.0,493.0,686.0
963,963,3.61,109.0,47.0,36.0,20.0,44.0
964,964,2.9,4.0,0.0,0.0,3.0,3.0
965,965,4.11,1325.0,521.0,360.0,134.0,143.0
966,966,3.28,64.0,25.0,30.0,18.0,42.0
967,967,3.87,50.0,20.0,21.0,8.0,9.0
968,968,4.09,281.0,113.0,56.0,30.0,40.0
969,969,3.35,456.0,237.0,210.0,141.0,272.0
970,970,4.18,150.0,36.0,20.0,13.0,20.0
971,971,3.1,15.0,0.0,1.0,3.0,12.0
972,972,3.18,19.0,7.0,10.0,3.0,16.0
973,973,3.56,545.0,306.0,261.0,152.0,209.0
974,974,3.87,178.0,56.0,41.0,24.0,45.0
975,975,3.96,27.0,9.0,7.0,8.0,2.0
976,976,5.0,,,,,
977,977,4.05,170.0,71.0,45.0,14.0,27.0
978,978,4.01,85.0,32.0,12.0,10.0,17.0
979,979,4.04,770.0,391.0,248.0,77.0,103.0
980,980,3.64,5.0,2.0,1.0,1.0,2.0
981,981,4.07,26.0,7.0,7.0,2.0,4.0
982,982,4.27,431.0,171.0,100.0,30.0,22.0
983,983,3.83,43.0,18.0,23.0,8.0,7.0
984,984,4.14,113.0,35.0,25.0,8.0,15.0
985,985,3.17,2.0,1.0,1.0,0.0,2.0
986,986,2.57,1.0,1.0,2.0,0.0,3.0
987,987,3.52,126.0,38.0,48.0,28.0,55.0
988,988,4.24,33.0,11.0,5.0,3.0,3.0
989,989,4.22,119.0,44.0,24.0,8.0,11.0
990,990,3.77,752.0,368.0,260.0,141.0,200.0
991,991,5.0,2.0,0.0,0.0,0.0,0.0
992,992,4.0,30.0,9.0,7.0,4.0,5.0
993,993,4.22,75.0,25.0,8.0,8.0,8.0
994,994,3.51,498.0,220.0,197.0,108.0,234.0
995,995,3.52,573.0,250.0,227.0,139.0,253.0
996,996,2.97,603.0,321.0,343.0,263.0,661.0
997,997,2.0,0.0,0.0,0.0,1.0,0.0
998,998,4.0,1.0,0.0,1.0,0.0,0.0
999,999,4.35,18.0,4.0,1.0,1.0,2.0
1000,1000,4.34,456.0,148.0,72.0,20.0,32.0
1001,1001,3.6,64.0,22.0,19.0,7.0,29.0
1002,1002,4.16,72.0,26.0,17.0,7.0,7.0
1003,1003,3.18,17.0,19.0,12.0,8.0,16.0
1004,1004,3.89,254.0,80.0,72.0,33.0,57.0
1005,1005,4.01,1315.0,482.0,383.0,180.0,183.0
1006,1006,3.63,64.0,31.0,30.0,14.0,22.0
1007,1007,4.14,1582.0,524.0,278.0,137.0,216.0
1008,1008,4.03,539.0,240.0,132.0,61.0,86.0
1009,1009,3.7,1194.0,480.0,401.0,223.0,384.0
1010,1010,3.87,2720.0,1171.0,820.0,408.0,600.0
1011,1011,4.03,1115.0,445.0,291.0,144.0,155.0
1012,1012,3.71,420.0,176.0,143.0,84.0,128.0
1013,1013,3.94,502.0,161.0,136.0,54.0,104.0
1014,1014,3.94,120.0,53.0,41.0,18.0,19.0
1015,1015,3.98,2090.0,852.0,576.0,278.0,341.0
1016,1016,4.58,26.0,4.0,0.0,2.0,1.0
1017,1017,4.0,1306.0,463.0,305.0,157.0,233.0
1018,1018,3.82,5355.0,2430.0,1974.0,960.0,1194.0
1019,1019,3.83,428.0,174.0,143.0,60.0,107.0
1020,1020,4.4,2541.0,673.0,309.0,73.0,191.0
1021,1021,3.7,421.0,142.0,147.0,75.0,132.0
1022,1022,4.02,545.0,200.0,161.0,59.0,81.0
1023,1023,3.09,223.0,123.0,137.0,84.0,208.0
1024,1024,3.93,27.0,12.0,6.0,2.0,7.0
1025,1025,3.86,41.0,17.0,13.0,5.0,10.0
1026,1026,3.59,24.0,16.0,10.0,2.0,12.0
1027,1027,4.04,451.0,168.0,109.0,47.0,71.0
1028,1028,3.91,6325.0,3006.0,1998.0,916.0,1243.0
1029,1029,4.27,13.0,4.0,4.0,0.0,1.0
1030,1030,3.72,51.0,14.0,21.0,9.0,14.0
1031,1031,3.87,257.0,112.0,87.0,30.0,60.0
1032,1032,3.1,15.0,0.0,1.0,3.0,12.0
1033,1033,4.11,29.0,14.0,7.0,2.0,4.0
1034,1034,3.93,42.0,21.0,13.0,7.0,7.0
1035,1035,3.79,47.0,20.0,16.0,7.0,13.0
1036,1036,4.01,433.0,132.0,80.0,59.0,77.0
1037,1037,3.97,1281.0,538.0,365.0,147.0,233.0
1038,1038,3.47,187.0,78.0,82.0,59.0,81.0
1039,1039,3.48,9.0,4.0,2.0,5.0,3.0
1040,1040,4.23,852.0,267.0,147.0,68.0,82.0
1041,1041,3.23,14.0,6.0,9.0,4.0,10.0
1042,1042,3.61,73.0,30.0,26.0,13.0,29.0
1043,1043,3.07,3.0,2.0,5.0,1.0,3.0
1044,1044,4.09,7.0,1.0,1.0,1.0,1.0
1045,1045,3.65,8.0,5.0,2.0,2.0,3.0
1046,1046,3.74,266.0,135.0,119.0,41.0,77.0
1047,1047,4.11,44.0,11.0,11.0,5.0,5.0
1048,1048,4.07,23.0,12.0,6.0,1.0,4.0
1049,1049,3.8,217.0,96.0,102.0,42.0,44.0
1050,1050,4.29,36.0,13.0,3.0,2.0,4.0
1051,1051,3.73,39.0,21.0,10.0,4.0,15.0
1052,1052,4.19,171.0,71.0,35.0,12.0,18.0
1053,1053,3.4,4.0,1.0,2.0,1.0,2.0
1054,1054,3.53,20.0,14.0,10.0,5.0,9.0
1055,1055,3.13,41.0,10.0,13.0,16.0,31.0
1056,1056,3.79,349.0,158.0,149.0,58.0,83.0
1057,1057,3.7,155.0,69.0,53.0,25.0,53.0
1058,1058,4.14,231.0,102.0,47.0,21.0,28.0
1059,1059,3.73,54.0,24.0,28.0,6.0,16.0
1060,1060,3.72,24.0,11.0,7.0,4.0,8.0
1061,1061,4.29,1789.0,459.0,300.0,110.0,150.0
1062,1062,3.91,104.0,25.0,28.0,12.0,23.0
1063,1063,4.27,8.0,5.0,1.0,0.0,1.0
1064,1064,3.64,343.0,157.0,139.0,68.0,122.0
1065,1065,4.43,274.0,70.0,26.0,8.0,20.0
1066,1066,2.44,1.0,2.0,0.0,3.0,3.0
1067,1067,4.14,1646.0,564.0,389.0,145.0,183.0
1068,1068,3.9,10.0,5.0,2.0,2.0,2.0
1069,1069,3.61,225.0,102.0,89.0,46.0,86.0
1070,1070,3.9,311.0,109.0,83.0,43.0,67.0
1071,1071,3.1,4.0,5.0,5.0,3.0,4.0
1072,1072,4.75,3.0,1.0,0.0,0.0,0.0
1073,1073,4.52,77.0,16.0,7.0,3.0,3.0
1074,1074,4.19,50.0,14.0,6.0,4.0,7.0
1075,1075,3.76,1975.0,793.0,682.0,397.0,520.0
1076,1076,3.31,528.0,283.0,245.0,144.0,354.0
1077,1077,3.16,114.0,55.0,72.0,35.0,94.0
1078,1078,3.98,126.0,43.0,27.0,10.0,28.0
1079,1079,3.67,4.0,3.0,3.0,1.0,1.0
1080,1080,4.19,33.0,10.0,4.0,2.0,5.0
1081,1081,3.24,31.0,15.0,15.0,16.0,19.0
1082,1082,4.02,1089.0,392.0,268.0,126.0,175.0
1083,1083,3.0,2.0,0.0,2.0,0.0,2.0
1084,1084,3.82,26.0,7.0,7.0,2.0,8.0
1085,1085,3.75,18.0,5.0,4.0,4.0,5.0
1086,1086,3.67,2.0,2.0,0.0,2.0,0.0
1087,1087,3.48,9.0,4.0,2.0,5.0,3.0
1088,1088,3.93,295.0,147.0,81.0,44.0,56.0
1089,1089,3.67,2.0,1.0,2.0,1.0,0.0
1090,1090,4.67,2.0,1.0,0.0,0.0,0.0
1091,1091,3.87,400.0,210.0,144.0,64.0,83.0
1092,1092,3.78,20.0,2.0,5.0,4.0,5.0
1093,1093,3.47,14.0,5.0,6.0,1.0,8.0
1094,1094,5.0,,,,,
1095,1095,5.0,1.0,0.0,0.0,0.0,0.0
1096,1096,3.93,48.0,25.0,20.0,7.0,7.0
1097,1097,4.13,59.0,18.0,14.0,4.0,8.0
1098,1098,3.87,22.0,9.0,8.0,1.0,6.0
1099,1099,3.91,381.0,180.0,110.0,68.0,69.0
1100,1100,4.31,44.0,7.0,8.0,2.0,4.0
1101,1101,4.28,2045.0,648.0,354.0,127.0,171.0
1102,1102,3.9,572.0,222.0,192.0,99.0,99.0
1103,1103,4.36,13.0,5.0,3.0,1.0,0.0
1104,1104,3.44,23.0,14.0,8.0,4.0,14.0
1105,1105,3.64,5.0,2.0,5.0,1.0,1.0
1106,1106,4.36,1898.0,509.0,334.0,101.0,100.0
1107,1107,4.04,12.0,7.0,2.0,0.0,3.0
1108,1108,4.0,1.0,0.0,1.0,0.0,0.0
1109,1109,2.9,4.0,0.0,0.0,3.0,3.0
1110,1110,3.82,645.0,296.0,247.0,105.0,149.0
1111,1111,3.29,40.0,12.0,10.0,11.0,26.0
1112,1112,5.0,1.0,0.0,0.0,0.0,0.0
1113,1113,4.28,84.0,19.0,22.0,2.0,7.0
1114,1114,4.15,34.0,13.0,7.0,3.0,4.0
1115,1115,3.98,122.0,29.0,30.0,12.0,24.0
1116,1116,3.47,917.0,426.0,392.0,226.0,446.0
1117,1117,5.0,,,,,
1118,1118,4.09,27.0,17.0,7.0,3.0,3.0
1119,1119,3.64,19.0,9.0,13.0,3.0,6.0
1120,1120,5.0,1.0,0.0,0.0,0.0,0.0
1121,1121,4.67,4.0,2.0,0.0,0.0,0.0
1122,1122,3.71,27.0,5.0,7.0,1.0,11.0
1123,1123,3.51,87.0,51.0,45.0,23.0,39.0
1124,1124,3.26,87.0,36.0,44.0,32.0,56.0
1125,1125,3.58,8.0,3.0,4.0,0.0,4.0
1126,1126,4.14,1209.0,449.0,277.0,115.0,132.0
1127,1127,5.0,,,,,
1128,1128,4.23,36.0,11.0,8.0,4.0,2.0
1129,1129,4.04,276.0,64.0,62.0,25.0,48.0
1130,1130,4.13,1260.0,582.0,298.0,116.0,140.0
1131,1131,4.15,17.0,8.0,7.0,1.0,1.0
1132,1132,3.09,21.0,6.0,12.0,10.0,16.0
1133,1133,3.9,31.0,11.0,3.0,5.0,8.0
1134,1134,2.92,2.0,2.0,4.0,1.0,3.0
1135,1135,3.03,32.0,20.0,26.0,12.0,34.0
1136,1136,4.29,36.0,13.0,3.0,2.0,4.0
1137,1137,4.14,2943.0,1022.0,662.0,258.0,347.0
1138,1138,3.61,6.0,5.0,4.0,0.0,3.0
1139,1139,3.51,215.0,99.0,86.0,53.0,97.0
1140,1140,3.66,59.0,20.0,18.0,11.0,21.0
1141,1141,4.13,13.0,6.0,2.0,1.0,2.0
1142,1142,3.96,13.0,5.0,3.0,1.0,3.0
1143,1143,3.85,88.0,34.0,28.0,11.0,22.0
1144,1144,3.65,12.0,5.0,1.0,4.0,4.0
1145,1145,3.28,64.0,25.0,30.0,18.0,42.0
1146,1146,3.73,111.0,38.0,36.0,17.0,35.0
1147,1147,3.9,49.0,16.0,14.0,9.0,9.0
1148,1148,5.0,,,,,
1149,1149,4.04,1530.0,500.0,295.0,145.0,278.0
1150,1150,4.07,3383.0,1430.0,836.0,335.0,466.0
1151,1151,4.23,279.0,105.0,51.0,27.0,21.0
1152,1152,4.39,3360.0,1065.0,500.0,159.0,170.0
1153,1153,4.2,1578.0,562.0,339.0,112.0,158.0
1154,1154,3.0,1.0,0.0,0.0,0.0,1.0
1155,1155,3.38,34.0,13.0,19.0,11.0,17.0
1156,1156,5.0,,,,,
1157,1157,3.3,35.0,18.0,15.0,11.0,23.0
1158,1158,3.87,7.0,3.0,3.0,0.0,2.0
1159,1159,3.67,108.0,58.0,34.0,16.0,42.0
1160,1160,3.77,22.0,7.0,8.0,5.0,5.0
1161,1161,3.94,213.0,88.0,54.0,29.0,42.0
1162,1162,3.94,394.0,156.0,104.0,60.0,73.0
1163,1163,3.87,154.0,65.0,44.0,20.0,37.0
1164,1164,4.14,1316.0,487.0,286.0,116.0,155.0
1165,1165,3.65,1464.0,713.0,586.0,309.0,502.0
1166,1166,3.87,257.0,112.0,87.0,30.0,60.0
1167,1167,4.23,530.0,163.0,82.0,39.0,56.0
1168,1168,3.53,6769.0,3404.0,3658.0,2003.0,2559.0
1169,1169,4.22,388.0,165.0,69.0,23.0,41.0
1170,1170,3.36,54.0,14.0,20.0,9.0,33.0
1171,1171,3.94,2089.0,901.0,650.0,287.0,377.0
1172,1172,5.0,1.0,0.0,0.0,0.0,0.0
1173,1173,3.0,0.0,2.0,0.0,0.0,1.0
1174,1174,3.31,11.0,6.0,9.0,3.0,7.0
1175,1175,3.36,75.0,41.0,48.0,23.0,43.0
1176,1176,3.28,7.0,2.0,3.0,1.0,5.0
1177,1177,4.21,60.0,20.0,13.0,5.0,5.0
1178,1178,3.48,50.0,18.0,19.0,8.0,26.0
1179,1179,3.75,745.0,349.0,274.0,145.0,204.0
1180,1180,3.91,699.0,283.0,211.0,102.0,138.0
1181,1181,3.45,69.0,29.0,33.0,14.0,36.0
1182,1182,3.8,118.0,44.0,33.0,15.0,35.0
1183,1183,3.89,583.0,258.0,179.0,92.0,117.0
1184,1184,3.28,245.0,109.0,103.0,87.0,157.0
1185,1185,4.01,4182.0,1317.0,857.0,429.0,790.0
1186,1186,5.0,,,,,
1187,1187,3.3,326.0,170.0,193.0,125.0,199.0
1188,1188,4.01,5274.0,1869.0,1519.0,684.0,776.0
1189,1189,4.0,9.0,4.0,0.0,3.0,1.0
1190,1190,5.0,,,,,
1191,1191,3.95,32.0,12.0,10.0,2.0,7.0
1192,1192,5.0,,,,,
1193,1193,4.1,95.0,28.0,21.0,9.0,13.0
1194,1194,4.0,648.0,233.0,180.0,76.0,107.0
1195,1195,2.67,1.0,0.0,3.0,0.0,2.0
1196,1196,3.8,4150.0,1941.0,1495.0,731.0,1013.0
1197,1197,3.8,5.0,1.0,2.0,1.0,1.0
1198,1198,4.19,300.0,80.0,52.0,34.0,28.0
1199,1199,4.08,7.0,2.0,1.0,1.0,1.0
1200,1200,4.15,9.0,8.0,1.0,1.0,1.0
1201,1201,3.83,9.0,3.0,2.0,2.0,2.0
1202,1202,3.71,15.0,3.0,2.0,3.0,5.0
1203,1203,4.13,1337.0,495.0,296.0,117.0,164.0
1204,1204,3.86,5.0,0.0,0.0,0.0,2.0
1205,1205,3.64,768.0,309.0,275.0,140.0,281.0
1206,1206,3.69,31.0,12.0,11.0,9.0,8.0
1207,1207,4.11,29.0,14.0,7.0,2.0,4.0
1208,1208,3.76,1975.0,793.0,682.0,397.0,520.0
1209,1209,3.43,5.0,3.0,2.0,1.0,3.0
1210,1210,4.75,3.0,1.0,0.0,0.0,0.0
1211,1211,3.4,1232.0,593.0,622.0,327.0,669.0
1212,1212,3.44,8.0,1.0,2.0,0.0,5.0
1213,1213,3.78,17.0,8.0,5.0,1.0,6.0
1214,1214,3.59,69.0,42.0,27.0,13.0,30.0
1215,1215,3.91,5723.0,2701.0,1656.0,751.0,1210.0
1216,1216,4.09,288.0,113.0,60.0,26.0,42.0
1217,1217,4.31,568.0,183.0,105.0,24.0,42.0
1218,1218,3.79,477.0,180.0,152.0,70.0,131.0
1219,1219,4.1,238.0,75.0,43.0,19.0,38.0
1220,1220,3.75,9.0,3.0,3.0,4.0,1.0
1221,1221,3.19,77.0,44.0,39.0,19.0,66.0
1222,1222,3.56,168.0,69.0,56.0,37.0,72.0
1223,1223,2.86,1.0,1.0,2.0,2.0,1.0
1224,1224,3.55,402.0,172.0,168.0,96.0,166.0
1225,1225,4.11,12.0,0.0,5.0,1.0,1.0
1226,1226,4.13,341.0,125.0,74.0,39.0,37.0
1227,1227,3.96,59.0,21.0,15.0,11.0,9.0
1228,1228,4.12,251.0,80.0,47.0,24.0,35.0
1229,1229,3.71,18.0,7.0,9.0,3.0,5.0
1230,1230,3.56,47.0,24.0,19.0,9.0,21.0
1231,1231,3.32,146.0,64.0,53.0,36.0,96.0
1232,1232,4.24,29.0,12.0,4.0,2.0,3.0
1233,1233,4.14,752.0,300.0,156.0,76.0,82.0
1234,1234,3.72,8.0,5.0,0.0,2.0,3.0
1235,1235,3.9,617.0,169.0,177.0,88.0,128.0
1236,1236,3.71,1253.0,470.0,390.0,233.0,401.0
1237,1237,3.63,902.0,319.0,324.0,191.0,322.0
1238,1238,3.9,25.0,11.0,6.0,3.0,6.0
1239,1239,5.0,1.0,0.0,0.0,0.0,0.0
1240,1240,3.32,41.0,23.0,19.0,10.0,28.0
1241,1241,3.7,70.0,32.0,26.0,10.0,24.0
1242,1242,5.0,,,,,
1243,1243,4.03,387.0,163.0,104.0,46.0,56.0
1244,1244,4.2,188.0,51.0,20.0,15.0,26.0
1245,1245,5.0,,,,,
1246,1246,3.8,3.0,0.0,1.0,0.0,1.0
1247,1247,4.17,1141.0,329.0,212.0,88.0,140.0
1248,1248,2.98,33.0,13.0,10.0,11.0,35.0
1249,1249,3.98,160.0,76.0,44.0,26.0,24.0
1250,1250,4.14,313.0,139.0,66.0,28.0,36.0
1251,1251,5.0,1.0,0.0,0.0,0.0,0.0
1252,1252,3.97,109.0,42.0,28.0,11.0,22.0
1253,1253,4.13,59.0,18.0,14.0,4.0,8.0
1254,1254,3.6,10.0,4.0,5.0,3.0,3.0
1255,1255,4.24,120.0,32.0,19.0,9.0,12.0
1256,1256,3.6,14.0,3.0,5.0,3.0,5.0
1257,1257,3.67,55.0,19.0,14.0,7.0,22.0
1258,1258,2.92,2.0,1.0,6.0,0.0,3.0
1259,1259,4.15,366.0,161.0,69.0,35.0,43.0
1260,1260,4.39,14.0,7.0,0.0,1.0,1.0
1261,1261,3.83,10.0,2.0,2.0,1.0,3.0
1262,1262,3.77,15.0,3.0,5.0,4.0,3.0
1263,1263,3.89,9.0,5.0,1.0,2.0,2.0
1264,1264,3.95,475.0,148.0,135.0,50.0,95.0
1265,1265,3.64,5.0,2.0,5.0,1.0,1.0
1266,1266,4.15,17.0,8.0,7.0,1.0,1.0
1267,1267,4.2,4.0,5.0,0.0,1.0,0.0
1268,1268,4.06,120.0,44.0,29.0,13.0,17.0
1269,1269,3.95,304.0,112.0,86.0,36.0,58.0
1270,1270,5.0,,,,,
1271,1271,4.05,754.0,329.0,219.0,73.0,104.0
1272,1272,3.79,488.0,228.0,168.0,87.0,124.0
1273,1273,2.86,1.0,1.0,2.0,2.0,1.0
1274,1274,4.04,72.0,31.0,17.0,8.0,11.0
1275,1275,4.18,104.0,52.0,26.0,2.0,13.0
1276,1276,3.38,15.0,3.0,9.0,1.0,9.0
1277,1277,3.98,1125.0,374.0,324.0,170.0,166.0
1278,1278,3.86,981.0,445.0,301.0,141.0,234.0
1279,1279,3.92,151.0,72.0,45.0,17.0,32.0
1280,1280,4.19,2077.0,783.0,446.0,192.0,181.0
1281,1281,4.39,15.0,4.0,3.0,0.0,1.0
1282,1282,3.65,12.0,4.0,8.0,6.0,1.0
1283,1283,4.4,5.0,4.0,1.0,0.0,0.0
1284,1284,3.44,13.0,2.0,2.0,4.0,6.0
1285,1285,2.94,175.0,90.0,127.0,70.0,205.0
1286,1286,4.11,29.0,6.0,4.0,4.0,4.0
1287,1287,3.2,22.0,7.0,9.0,5.0,17.0
1288,1288,3.73,39.0,21.0,10.0,4.0,15.0
1289,1289,3.56,22.0,8.0,9.0,3.0,10.0
1290,1290,3.31,1162.0,542.0,559.0,339.0,742.0
1291,1291,4.26,262.0,81.0,46.0,14.0,26.0
1292,1292,5.0,,,,,
1293,1293,2.75,1.0,1.0,0.0,0.0,2.0
1294,1294,3.91,244.0,90.0,67.0,36.0,50.0
1295,1295,3.77,15.0,3.0,5.0,4.0,3.0
1296,1296,3.63,2867.0,1406.0,1330.0,695.0,944.0
1297,1297,3.31,3.0,4.0,3.0,0.0,3.0
1298,1298,4.31,8.0,3.0,1.0,0.0,1.0
1299,1299,4.11,39.0,19.0,8.0,4.0,5.0
1300,1300,3.61,12.0,5.0,4.0,2.0,5.0
1301,1301,4.17,9.0,5.0,3.0,0.0,1.0
1302,1302,3.58,199.0,83.0,79.0,44.0,78.0
1303,1303,3.76,392.0,144.0,134.0,62.0,111.0
1304,1304,3.7,4.0,2.0,2.0,1.0,1.0
1305,1305,4.5,1.0,1.0,0.0,0.0,0.0
1306,1306,3.28,723.0,505.0,513.0,315.0,465.0
1307,1307,4.24,9.0,6.0,0.0,1.0,1.0
1308,1308,3.26,217.0,125.0,128.0,68.0,154.0
1309,1309,3.88,5.0,1.0,0.0,0.0,2.0
1310,1310,3.85,550.0,257.0,171.0,86.0,129.0
1311,1311,3.87,40.0,24.0,13.0,3.0,11.0
1312,1312,4.46,19.0,4.0,1.0,0.0,2.0
1313,1313,4.32,169.0,53.0,25.0,8.0,14.0
1314,1314,3.55,10.0,10.0,5.0,4.0,4.0
1315,1315,3.66,246.0,105.0,107.0,43.0,84.0
1316,1316,2.99,59.0,38.0,36.0,32.0,63.0
1317,1317,2.81,5.0,2.0,4.0,4.0,6.0
1318,1318,3.96,86.0,26.0,28.0,8.0,16.0
1319,1319,3.97,18.0,1.0,5.0,1.0,4.0
1320,1320,4.8,4.0,1.0,0.0,0.0,0.0
1321,1321,4.25,136.0,32.0,23.0,13.0,11.0
1322,1322,3.75,8.0,5.0,4.0,0.0,3.0
1323,1323,3.27,208.0,94.0,91.0,66.0,142.0
1324,1324,3.12,106.0,45.0,62.0,39.0,89.0
1325,1325,4.03,127.0,59.0,26.0,15.0,21.0
1326,1326,3.69,128.0,57.0,44.0,20.0,45.0
1327,1327,4.38,299.0,54.0,31.0,17.0,24.0
1328,1328,4.39,370.0,115.0,50.0,21.0,18.0
1329,1329,3.98,219.0,63.0,46.0,25.0,44.0
1330,1330,4.33,39.0,12.0,5.0,1.0,4.0
1331,1331,4.0,3.0,0.0,0.0,0.0,1.0
1332,1332,3.61,843.0,484.0,350.0,182.0,328.0
1333,1333,3.69,55.0,16.0,14.0,8.0,20.0
1334,1334,4.1,280.0,128.0,63.0,28.0,35.0
1335,1335,3.67,5.0,3.0,1.0,1.0,2.0
1336,1336,3.37,9.0,2.0,1.0,1.0,6.0
1337,1337,4.05,55.0,30.0,16.0,6.0,7.0
1338,1338,4.08,5.0,5.0,2.0,1.0,0.0
1339,1339,4.07,15.0,5.0,8.0,1.0,1.0
1340,1340,3.74,23.0,14.0,5.0,4.0,8.0
1341,1341,3.91,118.0,42.0,38.0,22.0,19.0
1342,1342,4.01,47.0,11.0,7.0,3.0,11.0
1343,1343,4.55,57.0,9.0,7.0,1.0,2.0
1344,1344,3.81,104.0,20.0,29.0,6.0,33.0
1345,1345,4.8,4.0,1.0,0.0,0.0,0.0
1346,1346,3.67,6.0,2.0,1.0,0.0,3.0
1347,1347,4.07,27.0,18.0,7.0,2.0,4.0
1348,1348,2.0,0.0,0.0,1.0,0.0,1.0
1349,1349,3.88,79.0,23.0,34.0,10.0,15.0
1350,1350,3.7,271.0,139.0,101.0,44.0,92.0
1351,1351,3.1,8.0,7.0,3.0,4.0,8.0
1352,1352,3.63,48.0,17.0,27.0,13.0,13.0
1353,1353,4.14,1428.0,555.0,340.0,122.0,159.0
1354,1354,3.93,22.0,12.0,4.0,3.0,5.0
1355,1355,5.0,,,,,
1356,1356,4.41,735.0,250.0,107.0,23.0,38.0
1357,1357,4.11,236.0,46.0,33.0,23.0,39.0
1358,1358,3.71,148.0,68.0,53.0,34.0,43.0
1359,1359,4.26,625.0,213.0,134.0,44.0,41.0
1360,1360,3.65,1056.0,419.0,375.0,190.0,382.0
1361,1361,4.0,4.0,0.0,2.0,1.0,0.0
1362,1362,4.18,280.0,94.0,56.0,11.0,38.0
1363,1363,1.5,0.0,0.0,0.0,1.0,1.0
1364,1364,3.4,26.0,14.0,19.0,3.0,16.0
1365,1365,3.43,3.0,0.0,2.0,1.0,1.0
1366,1366,4.15,30.0,7.0,4.0,2.0,5.0
1367,1367,3.4,34.0,14.0,18.0,12.0,16.0
1368,1368,3.17,2.0,1.0,1.0,0.0,2.0
1369,1369,3.86,14.0,4.0,5.0,2.0,3.0
1370,1370,3.87,381.0,134.0,110.0,66.0,79.0
1371,1371,4.21,21.0,6.0,2.0,0.0,4.0
1372,1372,3.4,2.0,0.0,2.0,0.0,1.0
1373,1373,4.33,8.0,2.0,1.0,0.0,1.0
1374,1374,3.7,1070.0,460.0,373.0,181.0,357.0
1375,1375,4.28,976.0,328.0,162.0,70.0,76.0
1376,1376,3.85,133.0,59.0,32.0,23.0,32.0
1377,1377,4.04,867.0,275.0,190.0,99.0,140.0
1378,1378,3.68,356.0,198.0,157.0,70.0,114.0
1379,1379,4.0,8.0,1.0,6.0,1.0,0.0
1380,1380,4.27,1736.0,573.0,281.0,111.0,158.0
1381,1381,3.43,28.0,12.0,8.0,6.0,16.0
1382,1382,3.41,35.0,19.0,22.0,14.0,16.0
1383,1383,3.64,15.0,11.0,11.0,1.0,6.0
1384,1384,4.06,794.0,291.0,215.0,92.0,104.0
1385,1385,3.15,57.0,20.0,34.0,9.0,50.0
1386,1386,4.26,1334.0,348.0,206.0,86.0,133.0
1387,1387,2.33,1.0,0.0,0.0,0.0,2.0
1388,1388,4.18,22.0,4.0,3.0,2.0,3.0
1389,1389,4.1,281.0,77.0,51.0,23.0,46.0
1390,1390,4.22,1182.0,393.0,257.0,90.0,97.0
1391,1391,4.4,9.0,4.0,1.0,1.0,0.0
1392,1392,3.5,184.0,93.0,92.0,44.0,84.0
1393,1393,3.75,28.0,16.0,11.0,5.0,8.0
1394,1394,3.97,148.0,59.0,38.0,13.0,31.0
1395,1395,3.89,11.0,7.0,5.0,3.0,1.0
1396,1396,4.19,587.0,180.0,123.0,54.0,55.0
1397,1397,3.61,91.0,57.0,28.0,17.0,40.0
1398,1398,3.27,40.0,24.0,26.0,11.0,29.0
1399,1399,4.12,84.0,31.0,22.0,11.0,7.0
1400,1400,4.3,530.0,136.0,82.0,34.0,43.0
1401,1401,3.67,6.0,2.0,1.0,0.0,3.0
1402,1402,4.16,975.0,406.0,210.0,94.0,95.0
1403,1403,5.0,2.0,0.0,0.0,0.0,0.0
1404,1404,3.67,21.0,8.0,4.0,4.0,8.0
1405,1405,3.74,30.0,17.0,15.0,7.0,7.0
1406,1406,3.9,2011.0,1127.0,849.0,360.0,310.0
1407,1407,4.3,255.0,83.0,52.0,15.0,15.0
1408,1408,3.6,216.0,90.0,86.0,43.0,83.0
1409,1409,4.19,4220.0,1795.0,1098.0,351.0,309.0
1410,1410,4.5,6.0,0.0,2.0,0.0,0.0
1411,1411,4.05,55.0,30.0,16.0,6.0,7.0
1412,1412,3.75,431.0,207.0,185.0,78.0,116.0
1413,1413,3.74,25.0,8.0,10.0,4.0,7.0
1414,1414,3.36,4.0,2.0,2.0,0.0,3.0
1415,1415,3.88,431.0,156.0,106.0,59.0,102.0
1416,1416,3.98,777.0,367.0,241.0,112.0,115.0
1417,1417,4.5,1.0,1.0,0.0,0.0,0.0
1418,1418,4.25,905.0,313.0,169.0,63.0,74.0
1419,1419,4.47,720.0,176.0,75.0,41.0,26.0
1420,1420,4.08,572.0,221.0,123.0,46.0,90.0
1421,1421,4.3,523.0,147.0,87.0,32.0,41.0
1422,1422,4.08,725.0,274.0,160.0,73.0,104.0
1423,1423,3.56,168.0,69.0,56.0,37.0,72.0
1424,1424,3.93,2184.0,717.0,605.0,271.0,438.0
1425,1425,2.88,18.0,11.0,21.0,7.0,25.0
1426,1426,4.23,270.0,106.0,57.0,21.0,20.0
1427,1427,3.41,19.0,13.0,16.0,7.0,9.0
1428,1428,4.22,77.0,14.0,11.0,5.0,10.0
1429,1429,3.6,394.0,182.0,172.0,92.0,143.0
1430,1430,1.0,0.0,0.0,0.0,0.0,1.0
1431,1431,3.92,1542.0,573.0,448.0,212.0,305.0
1432,1432,4.45,32.0,8.0,4.0,2.0,1.0
1433,1433,5.0,2.0,0.0,0.0,0.0,0.0
1434,1434,5.0,1.0,0.0,0.0,0.0,0.0
1435,1435,3.59,13.0,6.0,4.0,5.0,4.0
1436,1436,3.0,3.0,1.0,3.0,1.0,3.0
1437,1437,3.0,0.0,2.0,1.0,0.0,1.0
1438,1438,3.66,230.0,120.0,107.0,52.0,72.0
1439,1439,3.8,217.0,96.0,102.0,42.0,44.0
1440,1440,4.17,466.0,149.0,77.0,35.0,61.0
1441,1441,3.63,4.0,1.0,1.0,0.0,2.0
1442,1442,4.33,8.0,2.0,1.0,0.0,1.0
1443,1443,3.75,2.0,1.0,0.0,0.0,1.0
1444,1444,3.96,46.0,24.0,14.0,6.0,8.0
1445,1445,4.0,2.0,1.0,0.0,1.0,0.0
1446,1446,3.41,11.0,5.0,3.0,0.0,8.0
1447,1447,3.76,289.0,136.0,115.0,52.0,77.0
1448,1448,2.77,5.0,4.0,4.0,6.0,7.0
1449,1449,3.63,50.0,18.0,17.0,17.0,14.0
1450,1450,4.02,330.0,128.0,90.0,34.0,54.0
1451,1451,3.48,41.0,13.0,18.0,11.0,18.0
1452,1452,4.14,20.0,7.0,6.0,3.0,1.0
1453,1453,3.99,79.0,39.0,17.0,12.0,13.0
1454,1454,3.14,8.0,6.0,3.0,4.0,7.0
1455,1455,4.07,15.0,5.0,8.0,1.0,1.0
1456,1456,4.3,1124.0,389.0,200.0,69.0,76.0
1457,1457,3.78,17.0,10.0,11.0,5.0,2.0
1458,1458,3.74,23.0,14.0,5.0,4.0,8.0
1459,1459,4.39,14.0,7.0,0.0,1.0,1.0
1460,1460,3.73,467.0,220.0,163.0,73.0,149.0
1461,1461,4.0,17.0,2.0,6.0,1.0,3.0
1462,1462,3.5,2.0,4.0,0.0,0.0,2.0
1463,1463,4.24,969.0,344.0,182.0,72.0,83.0
1464,1464,4.21,134.0,37.0,17.0,16.0,13.0
1465,1465,3.75,537.0,264.0,187.0,91.0,159.0
1466,1466,3.6,7530.0,3351.0,3057.0,1736.0,2789.0
1467,1467,4.19,801.0,270.0,158.0,66.0,83.0
1468,1468,5.0,,,,,
1469,1469,3.68,16.0,6.0,8.0,4.0,4.0
1470,1470,4.05,76.0,39.0,18.0,6.0,13.0
1471,1471,4.03,1491.0,717.0,430.0,178.0,208.0
1472,1472,4.46,35.0,9.0,5.0,3.0,0.0
1473,1473,4.67,5.0,0.0,1.0,0.0,0.0
1474,1474,4.29,104.0,41.0,20.0,7.0,6.0
1475,1475,3.74,591.0,308.0,275.0,115.0,155.0
1476,1476,3.36,28.0,13.0,17.0,11.0,14.0
1477,1477,4.05,754.0,329.0,219.0,73.0,104.0
1478,1478,3.68,356.0,198.0,157.0,70.0,114.0
1479,1479,3.0,0.0,1.0,0.0,1.0,0.0
1480,1480,3.34,251.0,106.0,108.0,70.0,152.0
1481,1481,5.0,,,,,
1482,1482,4.07,114.0,36.0,22.0,9.0,20.0
1483,1483,4.6,8.0,1.0,0.0,1.0,0.0
1484,1484,3.82,742.0,397.0,274.0,124.0,178.0
1485,1485,3.67,4.0,0.0,0.0,0.0,2.0
1486,1486,3.51,270.0,138.0,157.0,64.0,118.0
1487,1487,3.73,186.0,99.0,63.0,46.0,51.0
1488,1488,5.0,,,,,
1489,1489,3.17,1.0,1.0,3.0,0.0,1.0
1490,1490,3.96,786.0,304.0,223.0,109.0,137.0
1491,1491,3.33,0.0,2.0,0.0,1.0,0.0
1492,1492,3.47,233.0,97.0,95.0,53.0,115.0
1493,1493,3.62,884.0,343.0,331.0,184.0,327.0
1494,1494,3.67,5.0,1.0,0.0,1.0,2.0
1495,1495,3.0,0.0,2.0,1.0,0.0,1.0
1496,1496,3.88,1122.0,520.0,386.0,173.0,226.0
1497,1497,4.48,4130.0,994.0,409.0,148.0,201.0
1498,1498,4.02,545.0,200.0,161.0,59.0,81.0
1499,1499,3.61,234.0,125.0,121.0,47.0,86.0
1500,1500,3.84,449.0,140.0,135.0,77.0,102.0
1501,1501,3.52,46.0,20.0,20.0,13.0,19.0
1502,1502,4.17,1800.0,575.0,364.0,143.0,208.0
1503,1503,3.94,963.0,334.0,250.0,119.0,197.0
1504,1504,3.92,1116.0,357.0,300.0,142.0,236.0
1505,1505,4.2,7.0,4.0,4.0,0.0,0.0
1506,1506,3.5,158.0,75.0,79.0,46.0,67.0
1507,1507,4.64,293.0,52.0,19.0,6.0,7.0
1508,1508,4.15,2940.0,1130.0,712.0,295.0,274.0
1509,1509,4.07,4166.0,1546.0,1044.0,438.0,559.0
1510,1510,4.05,93.0,32.0,18.0,5.0,19.0
1511,1511,4.17,1312.0,611.0,337.0,88.0,129.0
1512,1512,4.04,12.0,7.0,2.0,0.0,3.0
1513,1513,3.22,5.0,0.0,0.0,0.0,4.0
1514,1514,3.96,337.0,124.0,98.0,38.0,64.0
1515,1515,4.11,173.0,46.0,18.0,15.0,31.0
1516,1516,4.34,2458.0,726.0,355.0,134.0,172.0
1517,1517,3.5,3.0,0.0,1.0,1.0,1.0
1518,1518,3.67,87.0,36.0,49.0,17.0,25.0
1519,1519,3.99,117.0,42.0,23.0,15.0,22.0
1520,1520,2.44,1.0,2.0,0.0,3.0,3.0
1521,1521,3.84,72.0,30.0,23.0,10.0,18.0
1522,1522,3.73,12.0,4.0,3.0,5.0,2.0
1523,1523,3.5,204.0,110.0,99.0,49.0,96.0
1524,1524,3.32,30.0,12.0,5.0,6.0,21.0
1525,1525,3.71,309.0,86.0,60.0,55.0,105.0
1526,1526,3.52,46.0,20.0,20.0,13.0,19.0
1527,1527,3.19,17.0,8.0,9.0,4.0,14.0
1528,1528,4.67,2.0,1.0,0.0,0.0,0.0
1529,1529,4.34,55.0,29.0,14.0,2.0,1.0
1530,1530,3.7,211.0,107.0,89.0,39.0,65.0
1531,1531,4.25,7.0,2.0,2.0,1.0,0.0
1532,1532,5.0,,,,,
1533,1533,3.74,1311.0,663.0,461.0,291.0,353.0
1534,1534,4.14,3125.0,1205.0,838.0,305.0,286.0
1535,1535,3.61,2107.0,1226.0,1189.0,553.0,681.0
1536,1536,2.9,16.0,8.0,13.0,4.0,21.0
1537,1537,3.96,360.0,100.0,91.0,47.0,68.0
1538,1538,3.72,204.0,100.0,84.0,44.0,57.0
1539,1539,3.94,418.0,166.0,119.0,63.0,75.0
1540,1540,3.91,100.0,41.0,34.0,17.0,17.0
1541,1541,3.7,18.0,7.0,13.0,5.0,3.0
1542,1542,3.97,102.0,35.0,35.0,11.0,17.0
1543,1543,4.2,66.0,13.0,18.0,3.0,7.0
1544,1544,3.83,3.0,1.0,1.0,0.0,1.0
1545,1545,4.28,698.0,205.0,108.0,47.0,62.0
1546,1546,3.4,24.0,11.0,7.0,6.0,14.0
1547,1547,3.4,6.0,5.0,4.0,1.0,4.0
1548,1548,4.11,1324.0,488.0,294.0,122.0,176.0
1549,1549,3.99,161.0,71.0,51.0,17.0,26.0
1550,1550,3.2,334.0,211.0,233.0,131.0,257.0
1551,1551,3.67,7.0,3.0,5.0,1.0,2.0
1552,1552,3.2,360.0,190.0,231.0,137.0,267.0
1553,1553,3.4,2.0,0.0,2.0,0.0,1.0
1554,1554,3.68,301.0,173.0,148.0,72.0,87.0
1555,1555,4.0,4.0,2.0,1.0,0.0,1.0
1556,1556,3.98,64.0,21.0,28.0,9.0,7.0
1557,1557,3.55,2635.0,1394.0,1315.0,715.0,1029.0
1558,1558,4.12,1573.0,606.0,399.0,135.0,188.0
1559,1559,4.05,43.0,18.0,11.0,2.0,8.0
1560,1560,3.5,258.0,176.0,147.0,81.0,112.0
1561,1561,3.68,28.0,11.0,7.0,7.0,9.0
1562,1562,3.77,22.0,7.0,8.0,5.0,5.0
1563,1563,3.51,26.0,15.0,15.0,7.0,11.0
1564,1564,3.38,156.0,58.0,72.0,45.0,83.0
1565,1565,3.79,25.0,10.0,13.0,3.0,6.0
1566,1566,3.54,7.0,11.0,4.0,2.0,4.0
1567,1567,4.25,1919.0,580.0,304.0,128.0,196.0
1568,1568,4.08,722.0,293.0,185.0,77.0,90.0
1569,1569,3.07,11.0,3.0,1.0,3.0,10.0
1570,1570,3.71,24.0,15.0,8.0,3.0,9.0
1571,1571,2.5,0.0,1.0,0.0,0.0,1.0
1572,1572,4.07,8.0,3.0,1.0,0.0,2.0
